{
    "description": "",
    "tags": [
        {
            "id": 85792141,
            "tagId": 28285212,
            "name": "Frame",
            "value": 312,
            "labelerLogin": "trkkvsn0619",
            "createdAt": "2020-08-09T19:09:19.887Z",
            "updatedAt": "2020-08-09T19:09:19.887Z"
        }
    ],
    "size": {
        "height": 1912,
        "width": 2568
    },
    "objects": [
        {
            "id": 496963305,
            "classId": 1656178,
            "description": "",
            "geometryType": "polygon",
            "labelerLogin": "trkkvsn0619",
            "createdAt": "2020-08-05T23:04:46.834Z",
            "updatedAt": "2020-08-05T23:23:35.514Z",
            "tags": [
                {
                    "id": 97472657,
                    "tagId": 28281840,
                    "name": "Cell_6",
                    "value": null,
                    "labelerLogin": "trkkvsn0619",
                    "createdAt": "2020-08-05T23:27:02.168Z",
                    "updatedAt": "2020-08-05T23:27:02.168Z"
                }
            ],
            "classTitle": "Cells",
            "points": {
                "exterior": [
                    [
                        1020,
                        1630
                    ],
                    [
                        1019,
                        1620
                    ],
                    [
                        1019,
                        1593
                    ],
                    [
                        1036,
                        1581
                    ],
                    [
                        1048,
                        1566
                    ],
                    [
                        1063,
                        1553
                    ],
                    [
                        1081,
                        1537
                    ],
                    [
                        1100,
                        1533
                    ],
                    [
                        1120,
                        1539
                    ],
                    [
                        1137,
                        1560
                    ],
                    [
                        1162,
                        1584
                    ],
                    [
                        1193,
                        1595
                    ],
                    [
                        1218,
                        1604
                    ],
                    [
                        1246,
                        1605
                    ],
                    [
                        1286,
                        1604
                    ],
                    [
                        1315,
                        1598
                    ],
                    [
                        1339,
                        1593
                    ],
                    [
                        1360,
                        1589
                    ],
                    [
                        1386,
                        1584
                    ],
                    [
                        1412,
                        1582
                    ],
                    [
                        1440,
                        1575
                    ],
                    [
                        1465,
                        1572
                    ],
                    [
                        1490,
                        1568
                    ],
                    [
                        1514,
                        1561
                    ],
                    [
                        1537,
                        1555
                    ],
                    [
                        1569,
                        1551
                    ],
                    [
                        1594,
                        1547
                    ],
                    [
                        1618,
                        1541
                    ],
                    [
                        1648,
                        1535
                    ],
                    [
                        1665,
                        1523
                    ],
                    [
                        1685,
                        1516
                    ],
                    [
                        1703,
                        1521
                    ],
                    [
                        1712,
                        1532
                    ],
                    [
                        1716,
                        1549
                    ],
                    [
                        1712,
                        1563
                    ],
                    [
                        1693,
                        1575
                    ],
                    [
                        1676,
                        1582
                    ],
                    [
                        1663,
                        1587
                    ],
                    [
                        1645,
                        1577
                    ],
                    [
                        1622,
                        1577
                    ],
                    [
                        1606,
                        1582
                    ],
                    [
                        1584,
                        1583
                    ],
                    [
                        1567,
                        1584
                    ],
                    [
                        1551,
                        1589
                    ],
                    [
                        1530,
                        1591
                    ],
                    [
                        1505,
                        1593
                    ],
                    [
                        1491,
                        1596
                    ],
                    [
                        1475,
                        1602
                    ],
                    [
                        1455,
                        1609
                    ],
                    [
                        1440,
                        1613
                    ],
                    [
                        1428,
                        1618
                    ],
                    [
                        1414,
                        1620
                    ],
                    [
                        1396,
                        1617
                    ],
                    [
                        1381,
                        1618
                    ],
                    [
                        1365,
                        1627
                    ],
                    [
                        1351,
                        1624
                    ],
                    [
                        1341,
                        1618
                    ],
                    [
                        1335,
                        1626
                    ],
                    [
                        1326,
                        1633
                    ],
                    [
                        1309,
                        1633
                    ],
                    [
                        1295,
                        1630
                    ],
                    [
                        1278,
                        1635
                    ],
                    [
                        1261,
                        1637
                    ],
                    [
                        1232,
                        1648
                    ],
                    [
                        1218,
                        1655
                    ],
                    [
                        1200,
                        1668
                    ],
                    [
                        1182,
                        1687
                    ],
                    [
                        1164,
                        1707
                    ],
                    [
                        1156,
                        1725
                    ],
                    [
                        1149,
                        1740
                    ],
                    [
                        1144,
                        1750
                    ],
                    [
                        1133,
                        1754
                    ],
                    [
                        1125,
                        1751
                    ],
                    [
                        1114,
                        1751
                    ],
                    [
                        1098,
                        1752
                    ],
                    [
                        1076,
                        1746
                    ],
                    [
                        1064,
                        1738
                    ],
                    [
                        1053,
                        1719
                    ],
                    [
                        1044,
                        1698
                    ],
                    [
                        1042,
                        1681
                    ],
                    [
                        1033,
                        1665
                    ],
                    [
                        1027,
                        1650
                    ],
                    [
                        1025,
                        1642
                    ]
                ],
                "interior": []
            }
        },
        {
            "id": 496963351,
            "classId": 1656178,
            "description": "",
            "geometryType": "polygon",
            "labelerLogin": "trkkvsn0619",
            "createdAt": "2020-08-05T23:07:09.186Z",
            "updatedAt": "2020-08-05T23:23:35.514Z",
            "tags": [
                {
                    "id": 97472658,
                    "tagId": 28281839,
                    "name": "Cell_5",
                    "value": null,
                    "labelerLogin": "trkkvsn0619",
                    "createdAt": "2020-08-05T23:27:06.194Z",
                    "updatedAt": "2020-08-05T23:27:06.194Z"
                }
            ],
            "classTitle": "Cells",
            "points": {
                "exterior": [
                    [
                        660,
                        1625
                    ],
                    [
                        642,
                        1621
                    ],
                    [
                        635,
                        1628
                    ],
                    [
                        612,
                        1622
                    ],
                    [
                        604,
                        1611
                    ],
                    [
                        586,
                        1607
                    ],
                    [
                        563,
                        1591
                    ],
                    [
                        547,
                        1575
                    ],
                    [
                        534,
                        1548
                    ],
                    [
                        530,
                        1531
                    ],
                    [
                        523,
                        1512
                    ],
                    [
                        517,
                        1493
                    ],
                    [
                        524,
                        1472
                    ],
                    [
                        530,
                        1458
                    ],
                    [
                        527,
                        1440
                    ],
                    [
                        529,
                        1422
                    ],
                    [
                        539,
                        1407
                    ],
                    [
                        547,
                        1394
                    ],
                    [
                        554,
                        1385
                    ],
                    [
                        568,
                        1381
                    ],
                    [
                        578,
                        1368
                    ],
                    [
                        581,
                        1354
                    ],
                    [
                        587,
                        1339
                    ],
                    [
                        600,
                        1341
                    ],
                    [
                        608,
                        1340
                    ],
                    [
                        622,
                        1336
                    ],
                    [
                        637,
                        1327
                    ],
                    [
                        656,
                        1321
                    ],
                    [
                        671,
                        1321
                    ],
                    [
                        687,
                        1326
                    ],
                    [
                        701,
                        1335
                    ],
                    [
                        713,
                        1342
                    ],
                    [
                        728,
                        1354
                    ],
                    [
                        739,
                        1365
                    ],
                    [
                        749,
                        1376
                    ],
                    [
                        769,
                        1384
                    ],
                    [
                        797,
                        1389
                    ],
                    [
                        817,
                        1392
                    ],
                    [
                        843,
                        1396
                    ],
                    [
                        863,
                        1396
                    ],
                    [
                        886,
                        1397
                    ],
                    [
                        910,
                        1401
                    ],
                    [
                        929,
                        1403
                    ],
                    [
                        964,
                        1401
                    ],
                    [
                        987,
                        1397
                    ],
                    [
                        1004,
                        1393
                    ],
                    [
                        1015,
                        1380
                    ],
                    [
                        1013,
                        1365
                    ],
                    [
                        1025,
                        1355
                    ],
                    [
                        1043,
                        1348
                    ],
                    [
                        1065,
                        1341
                    ],
                    [
                        1082,
                        1333
                    ],
                    [
                        1099,
                        1331
                    ],
                    [
                        1112,
                        1333
                    ],
                    [
                        1124,
                        1337
                    ],
                    [
                        1140,
                        1346
                    ],
                    [
                        1151,
                        1354
                    ],
                    [
                        1160,
                        1365
                    ],
                    [
                        1170,
                        1373
                    ],
                    [
                        1184,
                        1389
                    ],
                    [
                        1190,
                        1400
                    ],
                    [
                        1190,
                        1414
                    ],
                    [
                        1181,
                        1428
                    ],
                    [
                        1172,
                        1446
                    ],
                    [
                        1172,
                        1457
                    ],
                    [
                        1184,
                        1466
                    ],
                    [
                        1199,
                        1476
                    ],
                    [
                        1217,
                        1483
                    ],
                    [
                        1240,
                        1486
                    ],
                    [
                        1263,
                        1488
                    ],
                    [
                        1283,
                        1483
                    ],
                    [
                        1301,
                        1478
                    ],
                    [
                        1320,
                        1472
                    ],
                    [
                        1343,
                        1471
                    ],
                    [
                        1351,
                        1464
                    ],
                    [
                        1367,
                        1481
                    ],
                    [
                        1377,
                        1492
                    ],
                    [
                        1388,
                        1506
                    ],
                    [
                        1401,
                        1515
                    ],
                    [
                        1415,
                        1530
                    ],
                    [
                        1426,
                        1544
                    ],
                    [
                        1430,
                        1564
                    ],
                    [
                        1423,
                        1579
                    ],
                    [
                        1418,
                        1588
                    ],
                    [
                        1413,
                        1598
                    ],
                    [
                        1407,
                        1611
                    ],
                    [
                        1403,
                        1624
                    ],
                    [
                        1398,
                        1635
                    ],
                    [
                        1390,
                        1646
                    ],
                    [
                        1379,
                        1663
                    ],
                    [
                        1364,
                        1669
                    ],
                    [
                        1351,
                        1677
                    ],
                    [
                        1337,
                        1677
                    ],
                    [
                        1326,
                        1668
                    ],
                    [
                        1313,
                        1647
                    ],
                    [
                        1304,
                        1629
                    ],
                    [
                        1289,
                        1616
                    ],
                    [
                        1274,
                        1601
                    ],
                    [
                        1256,
                        1587
                    ],
                    [
                        1241,
                        1573
                    ],
                    [
                        1213,
                        1563
                    ],
                    [
                        1201,
                        1554
                    ],
                    [
                        1172,
                        1540
                    ],
                    [
                        1154,
                        1539
                    ],
                    [
                        1128,
                        1533
                    ],
                    [
                        1108,
                        1532
                    ],
                    [
                        1088,
                        1532
                    ],
                    [
                        1074,
                        1540
                    ],
                    [
                        1064,
                        1549
                    ],
                    [
                        1053,
                        1558
                    ],
                    [
                        1043,
                        1572
                    ],
                    [
                        1035,
                        1584
                    ],
                    [
                        1024,
                        1600
                    ],
                    [
                        1019,
                        1619
                    ],
                    [
                        1023,
                        1635
                    ],
                    [
                        1025,
                        1648
                    ],
                    [
                        1032,
                        1662
                    ],
                    [
                        1037,
                        1672
                    ],
                    [
                        1042,
                        1688
                    ],
                    [
                        1044,
                        1703
                    ],
                    [
                        1054,
                        1719
                    ],
                    [
                        1060,
                        1733
                    ],
                    [
                        1072,
                        1745
                    ],
                    [
                        1085,
                        1751
                    ],
                    [
                        1105,
                        1753
                    ],
                    [
                        1116,
                        1752
                    ],
                    [
                        1133,
                        1754
                    ],
                    [
                        1145,
                        1757
                    ],
                    [
                        1140,
                        1782
                    ],
                    [
                        1136,
                        1804
                    ],
                    [
                        1138,
                        1830
                    ],
                    [
                        1147,
                        1854
                    ],
                    [
                        1159,
                        1874
                    ],
                    [
                        1172,
                        1886
                    ],
                    [
                        1185,
                        1898
                    ],
                    [
                        1202,
                        1905
                    ],
                    [
                        1213,
                        1910
                    ],
                    [
                        1358,
                        1910
                    ],
                    [
                        1363,
                        1902
                    ],
                    [
                        1362,
                        1882
                    ],
                    [
                        1369,
                        1869
                    ],
                    [
                        1379,
                        1856
                    ],
                    [
                        1391,
                        1855
                    ],
                    [
                        1405,
                        1862
                    ],
                    [
                        1414,
                        1874
                    ],
                    [
                        1423,
                        1893
                    ],
                    [
                        1425,
                        1912
                    ],
                    [
                        1102,
                        1911
                    ],
                    [
                        1087,
                        1899
                    ],
                    [
                        1073,
                        1879
                    ],
                    [
                        1057,
                        1854
                    ],
                    [
                        1031,
                        1826
                    ],
                    [
                        1019,
                        1807
                    ],
                    [
                        1004,
                        1787
                    ],
                    [
                        986,
                        1762
                    ],
                    [
                        973,
                        1741
                    ],
                    [
                        961,
                        1721
                    ],
                    [
                        953,
                        1703
                    ],
                    [
                        945,
                        1689
                    ],
                    [
                        934,
                        1676
                    ],
                    [
                        923,
                        1678
                    ],
                    [
                        901,
                        1647
                    ],
                    [
                        902,
                        1626
                    ],
                    [
                        899,
                        1599
                    ],
                    [
                        886,
                        1581
                    ],
                    [
                        869,
                        1568
                    ],
                    [
                        844,
                        1559
                    ],
                    [
                        816,
                        1551
                    ],
                    [
                        798,
                        1547
                    ],
                    [
                        776,
                        1546
                    ],
                    [
                        755,
                        1547
                    ],
                    [
                        724,
                        1556
                    ],
                    [
                        703,
                        1568
                    ],
                    [
                        684,
                        1586
                    ],
                    [
                        678,
                        1598
                    ],
                    [
                        675,
                        1611
                    ]
                ],
                "interior": []
            }
        },
        {
            "id": 496963411,
            "classId": 1656178,
            "description": "",
            "geometryType": "polygon",
            "labelerLogin": "trkkvsn0619",
            "createdAt": "2020-08-05T23:11:06.348Z",
            "updatedAt": "2020-08-10T14:48:44.027Z",
            "tags": [
                {
                    "id": 97472656,
                    "tagId": 28281841,
                    "name": "Cell_7",
                    "value": null,
                    "labelerLogin": "trkkvsn0619",
                    "createdAt": "2020-08-05T23:26:56.796Z",
                    "updatedAt": "2020-08-05T23:26:56.796Z"
                }
            ],
            "classTitle": "Cells",
            "points": {
                "exterior": [
                    [
                        1606,
                        768
                    ],
                    [
                        1594,
                        759
                    ],
                    [
                        1581,
                        753
                    ],
                    [
                        1576,
                        745
                    ],
                    [
                        1566,
                        726
                    ],
                    [
                        1560,
                        712
                    ],
                    [
                        1548,
                        709
                    ],
                    [
                        1536,
                        700
                    ],
                    [
                        1533,
                        685
                    ],
                    [
                        1531,
                        670
                    ],
                    [
                        1533,
                        650
                    ],
                    [
                        1525,
                        638
                    ],
                    [
                        1508,
                        633
                    ],
                    [
                        1495,
                        624
                    ],
                    [
                        1506,
                        599
                    ],
                    [
                        1520,
                        591
                    ],
                    [
                        1537,
                        590
                    ],
                    [
                        1551,
                        592
                    ],
                    [
                        1562,
                        587
                    ],
                    [
                        1552,
                        574
                    ],
                    [
                        1556,
                        565
                    ],
                    [
                        1569,
                        554
                    ],
                    [
                        1583,
                        571
                    ],
                    [
                        1595,
                        581
                    ],
                    [
                        1608,
                        576
                    ],
                    [
                        1599,
                        562
                    ],
                    [
                        1597,
                        549
                    ],
                    [
                        1599,
                        538
                    ],
                    [
                        1613,
                        538
                    ],
                    [
                        1623,
                        545
                    ],
                    [
                        1631,
                        562
                    ],
                    [
                        1632,
                        541
                    ],
                    [
                        1634,
                        533
                    ],
                    [
                        1641,
                        531
                    ],
                    [
                        1643,
                        537
                    ],
                    [
                        1653,
                        545
                    ],
                    [
                        1652,
                        533
                    ],
                    [
                        1654,
                        521
                    ],
                    [
                        1666,
                        515
                    ],
                    [
                        1678,
                        521
                    ],
                    [
                        1681,
                        534
                    ],
                    [
                        1696,
                        545
                    ],
                    [
                        1712,
                        541
                    ],
                    [
                        1726,
                        543
                    ],
                    [
                        1738,
                        552
                    ],
                    [
                        1741,
                        568
                    ],
                    [
                        1739,
                        580
                    ],
                    [
                        1737,
                        592
                    ],
                    [
                        1724,
                        595
                    ],
                    [
                        1717,
                        596
                    ],
                    [
                        1710,
                        597
                    ],
                    [
                        1700,
                        597
                    ],
                    [
                        1694,
                        603
                    ],
                    [
                        1700,
                        616
                    ],
                    [
                        1710,
                        626
                    ],
                    [
                        1719,
                        635
                    ],
                    [
                        1730,
                        640
                    ],
                    [
                        1745,
                        633
                    ],
                    [
                        1755,
                        631
                    ],
                    [
                        1761,
                        631
                    ],
                    [
                        1766,
                        638
                    ],
                    [
                        1754,
                        646
                    ],
                    [
                        1746,
                        651
                    ],
                    [
                        1745,
                        657
                    ],
                    [
                        1755,
                        666
                    ],
                    [
                        1770,
                        662
                    ],
                    [
                        1779,
                        659
                    ],
                    [
                        1789,
                        666
                    ],
                    [
                        1801,
                        663
                    ],
                    [
                        1808,
                        675
                    ],
                    [
                        1807,
                        687
                    ],
                    [
                        1812,
                        691
                    ],
                    [
                        1809,
                        698
                    ],
                    [
                        1797,
                        698
                    ],
                    [
                        1779,
                        702
                    ],
                    [
                        1775,
                        709
                    ],
                    [
                        1767,
                        713
                    ],
                    [
                        1758,
                        717
                    ],
                    [
                        1749,
                        717
                    ],
                    [
                        1736,
                        719
                    ],
                    [
                        1724,
                        722
                    ],
                    [
                        1718,
                        734
                    ],
                    [
                        1713,
                        745
                    ],
                    [
                        1704,
                        756
                    ],
                    [
                        1690,
                        766
                    ],
                    [
                        1675,
                        774
                    ],
                    [
                        1663,
                        771
                    ],
                    [
                        1650,
                        771
                    ],
                    [
                        1643,
                        777
                    ],
                    [
                        1644,
                        790
                    ],
                    [
                        1640,
                        798
                    ],
                    [
                        1630,
                        810
                    ],
                    [
                        1627,
                        818
                    ],
                    [
                        1620,
                        826
                    ],
                    [
                        1615,
                        832
                    ],
                    [
                        1606,
                        835
                    ],
                    [
                        1594,
                        833
                    ],
                    [
                        1590,
                        826
                    ],
                    [
                        1590,
                        814
                    ],
                    [
                        1594,
                        804
                    ],
                    [
                        1602,
                        798
                    ],
                    [
                        1604,
                        795
                    ],
                    [
                        1609,
                        790
                    ],
                    [
                        1610,
                        779
                    ]
                ],
                "interior": []
            }
        },
        {
            "id": 496963428,
            "classId": 1656178,
            "description": "",
            "geometryType": "polygon",
            "labelerLogin": "trkkvsn0619",
            "createdAt": "2020-08-05T23:14:35.329Z",
            "updatedAt": "2020-08-05T23:23:35.514Z",
            "tags": [
                {
                    "id": 97549991,
                    "tagId": 28281834,
                    "name": "Cell_2",
                    "value": null,
                    "labelerLogin": "trkkvsn0619",
                    "createdAt": "2020-08-10T14:54:55.707Z",
                    "updatedAt": "2020-08-10T14:54:55.707Z"
                }
            ],
            "classTitle": "Cells",
            "points": {
                "exterior": [
                    [
                        0,
                        952
                    ],
                    [
                        12,
                        947
                    ],
                    [
                        27,
                        933
                    ],
                    [
                        30,
                        911
                    ],
                    [
                        28,
                        885
                    ],
                    [
                        39,
                        879
                    ],
                    [
                        54,
                        874
                    ],
                    [
                        71,
                        860
                    ],
                    [
                        80,
                        840
                    ],
                    [
                        90,
                        824
                    ],
                    [
                        108,
                        812
                    ],
                    [
                        128,
                        796
                    ],
                    [
                        147,
                        779
                    ],
                    [
                        163,
                        763
                    ],
                    [
                        171,
                        750
                    ],
                    [
                        159,
                        720
                    ],
                    [
                        162,
                        673
                    ],
                    [
                        173,
                        638
                    ],
                    [
                        187,
                        615
                    ],
                    [
                        199,
                        595
                    ],
                    [
                        218,
                        582
                    ],
                    [
                        237,
                        573
                    ],
                    [
                        257,
                        555
                    ],
                    [
                        268,
                        533
                    ],
                    [
                        279,
                        506
                    ],
                    [
                        275,
                        490
                    ],
                    [
                        257,
                        484
                    ],
                    [
                        247,
                        479
                    ],
                    [
                        237,
                        474
                    ],
                    [
                        223,
                        474
                    ],
                    [
                        211,
                        468
                    ],
                    [
                        206,
                        458
                    ],
                    [
                        186,
                        447
                    ],
                    [
                        174,
                        449
                    ],
                    [
                        167,
                        460
                    ],
                    [
                        159,
                        472
                    ],
                    [
                        150,
                        480
                    ],
                    [
                        141,
                        486
                    ],
                    [
                        130,
                        495
                    ],
                    [
                        127,
                        501
                    ],
                    [
                        121,
                        508
                    ],
                    [
                        119,
                        516
                    ],
                    [
                        115,
                        538
                    ],
                    [
                        107,
                        548
                    ],
                    [
                        101,
                        560
                    ],
                    [
                        93,
                        569
                    ],
                    [
                        79,
                        584
                    ],
                    [
                        68,
                        595
                    ],
                    [
                        56,
                        605
                    ],
                    [
                        43,
                        618
                    ],
                    [
                        29,
                        632
                    ],
                    [
                        18,
                        641
                    ],
                    [
                        7,
                        651
                    ],
                    [
                        0,
                        659
                    ]
                ],
                "interior": []
            }
        },
        {
            "id": 496963437,
            "classId": 1656178,
            "description": "",
            "geometryType": "polygon",
            "labelerLogin": "trkkvsn0619",
            "createdAt": "2020-08-05T23:15:53.338Z",
            "updatedAt": "2020-08-10T14:57:28.975Z",
            "tags": [
                {
                    "id": 97472662,
                    "tagId": 28281835,
                    "name": "Cell_3",
                    "value": null,
                    "labelerLogin": "trkkvsn0619",
                    "createdAt": "2020-08-05T23:27:28.314Z",
                    "updatedAt": "2020-08-05T23:27:28.314Z"
                }
            ],
            "classTitle": "Cells",
            "points": {
                "exterior": [
                    [
                        1,
                        520
                    ],
                    [
                        10,
                        513
                    ],
                    [
                        20,
                        507
                    ],
                    [
                        23,
                        498
                    ],
                    [
                        33,
                        496
                    ],
                    [
                        42,
                        480
                    ],
                    [
                        52,
                        470
                    ],
                    [
                        65,
                        463
                    ],
                    [
                        77,
                        462
                    ],
                    [
                        88,
                        465
                    ],
                    [
                        97,
                        475
                    ],
                    [
                        99,
                        493
                    ],
                    [
                        103,
                        506
                    ],
                    [
                        106,
                        519
                    ],
                    [
                        106,
                        535
                    ],
                    [
                        106,
                        543
                    ],
                    [
                        103,
                        553
                    ],
                    [
                        99,
                        561
                    ],
                    [
                        87,
                        573
                    ],
                    [
                        81,
                        583
                    ],
                    [
                        73,
                        590
                    ],
                    [
                        63,
                        598
                    ],
                    [
                        51,
                        608
                    ],
                    [
                        44,
                        616
                    ],
                    [
                        37,
                        624
                    ],
                    [
                        25,
                        633
                    ],
                    [
                        16,
                        641
                    ],
                    [
                        9,
                        648
                    ],
                    [
                        0,
                        655
                    ],
                    [
                        0,
                        616
                    ]
                ],
                "interior": []
            }
        },
        {
            "id": 496963477,
            "classId": 1656178,
            "description": "",
            "geometryType": "polygon",
            "labelerLogin": "trkkvsn0619",
            "createdAt": "2020-08-05T23:18:05.392Z",
            "updatedAt": "2020-08-05T23:23:35.514Z",
            "tags": [
                {
                    "id": 97549990,
                    "tagId": 28281838,
                    "name": "Cell_4",
                    "value": null,
                    "labelerLogin": "trkkvsn0619",
                    "createdAt": "2020-08-10T14:54:52.110Z",
                    "updatedAt": "2020-08-10T14:54:52.110Z"
                }
            ],
            "classTitle": "Cells",
            "points": {
                "exterior": [
                    [
                        168,
                        740
                    ],
                    [
                        164,
                        733
                    ],
                    [
                        159,
                        719
                    ],
                    [
                        162,
                        702
                    ],
                    [
                        160,
                        683
                    ],
                    [
                        165,
                        659
                    ],
                    [
                        178,
                        635
                    ],
                    [
                        185,
                        617
                    ],
                    [
                        198,
                        603
                    ],
                    [
                        213,
                        589
                    ],
                    [
                        233,
                        579
                    ],
                    [
                        252,
                        564
                    ],
                    [
                        261,
                        553
                    ],
                    [
                        268,
                        538
                    ],
                    [
                        274,
                        525
                    ],
                    [
                        279,
                        521
                    ],
                    [
                        290,
                        523
                    ],
                    [
                        300,
                        532
                    ],
                    [
                        307,
                        538
                    ],
                    [
                        320,
                        535
                    ],
                    [
                        335,
                        532
                    ],
                    [
                        344,
                        526
                    ],
                    [
                        355,
                        523
                    ],
                    [
                        361,
                        521
                    ],
                    [
                        370,
                        521
                    ],
                    [
                        373,
                        533
                    ],
                    [
                        378,
                        541
                    ],
                    [
                        384,
                        549
                    ],
                    [
                        390,
                        558
                    ],
                    [
                        398,
                        564
                    ],
                    [
                        400,
                        568
                    ],
                    [
                        407,
                        573
                    ],
                    [
                        413,
                        580
                    ],
                    [
                        410,
                        586
                    ],
                    [
                        419,
                        593
                    ],
                    [
                        426,
                        597
                    ],
                    [
                        434,
                        601
                    ],
                    [
                        441,
                        609
                    ],
                    [
                        444,
                        615
                    ],
                    [
                        442,
                        628
                    ],
                    [
                        448,
                        636
                    ],
                    [
                        455,
                        642
                    ],
                    [
                        455,
                        661
                    ],
                    [
                        447,
                        666
                    ],
                    [
                        434,
                        669
                    ],
                    [
                        431,
                        682
                    ],
                    [
                        429,
                        693
                    ],
                    [
                        433,
                        700
                    ],
                    [
                        435,
                        704
                    ],
                    [
                        433,
                        708
                    ],
                    [
                        429,
                        710
                    ],
                    [
                        426,
                        713
                    ],
                    [
                        422,
                        720
                    ],
                    [
                        417,
                        730
                    ],
                    [
                        415,
                        739
                    ],
                    [
                        408,
                        743
                    ],
                    [
                        396,
                        743
                    ],
                    [
                        393,
                        739
                    ],
                    [
                        388,
                        747
                    ],
                    [
                        392,
                        758
                    ],
                    [
                        393,
                        764
                    ],
                    [
                        387,
                        767
                    ],
                    [
                        375,
                        769
                    ],
                    [
                        367,
                        767
                    ],
                    [
                        359,
                        763
                    ],
                    [
                        350,
                        764
                    ],
                    [
                        346,
                        774
                    ],
                    [
                        346,
                        781
                    ],
                    [
                        346,
                        790
                    ],
                    [
                        338,
                        792
                    ],
                    [
                        330,
                        792
                    ],
                    [
                        323,
                        796
                    ],
                    [
                        321,
                        801
                    ],
                    [
                        310,
                        808
                    ],
                    [
                        296,
                        813
                    ],
                    [
                        284,
                        811
                    ],
                    [
                        278,
                        813
                    ],
                    [
                        269,
                        810
                    ],
                    [
                        260,
                        807
                    ],
                    [
                        257,
                        800
                    ],
                    [
                        244,
                        791
                    ],
                    [
                        232,
                        790
                    ],
                    [
                        217,
                        787
                    ],
                    [
                        202,
                        780
                    ],
                    [
                        190,
                        769
                    ],
                    [
                        179,
                        756
                    ],
                    [
                        174,
                        750
                    ],
                    [
                        171,
                        746
                    ]
                ],
                "interior": []
            }
        },
        {
            "id": 496963523,
            "classId": 1656178,
            "description": "",
            "geometryType": "polygon",
            "labelerLogin": "trkkvsn0619",
            "createdAt": "2020-08-05T23:20:29.808Z",
            "updatedAt": "2020-08-05T23:23:35.514Z",
            "tags": [
                {
                    "id": 97472660,
                    "tagId": 28281830,
                    "name": "Cell_1",
                    "value": null,
                    "labelerLogin": "trkkvsn0619",
                    "createdAt": "2020-08-05T23:27:15.581Z",
                    "updatedAt": "2020-08-05T23:27:15.581Z"
                }
            ],
            "classTitle": "Cells",
            "points": {
                "exterior": [
                    [
                        8,
                        486
                    ],
                    [
                        14,
                        454
                    ],
                    [
                        23,
                        425
                    ],
                    [
                        29,
                        353
                    ],
                    [
                        36,
                        295
                    ],
                    [
                        48,
                        197
                    ],
                    [
                        57,
                        143
                    ],
                    [
                        66,
                        128
                    ],
                    [
                        84,
                        123
                    ],
                    [
                        107,
                        124
                    ],
                    [
                        138,
                        124
                    ],
                    [
                        170,
                        124
                    ],
                    [
                        186,
                        128
                    ],
                    [
                        197,
                        135
                    ],
                    [
                        196,
                        144
                    ],
                    [
                        193,
                        158
                    ],
                    [
                        187,
                        170
                    ],
                    [
                        189,
                        178
                    ],
                    [
                        208,
                        182
                    ],
                    [
                        224,
                        182
                    ],
                    [
                        239,
                        177
                    ],
                    [
                        252,
                        178
                    ],
                    [
                        257,
                        177
                    ],
                    [
                        267,
                        185
                    ],
                    [
                        279,
                        189
                    ],
                    [
                        298,
                        191
                    ],
                    [
                        311,
                        185
                    ],
                    [
                        312,
                        169
                    ],
                    [
                        315,
                        157
                    ],
                    [
                        315,
                        143
                    ],
                    [
                        316,
                        132
                    ],
                    [
                        326,
                        121
                    ],
                    [
                        334,
                        106
                    ],
                    [
                        336,
                        87
                    ],
                    [
                        335,
                        74
                    ],
                    [
                        325,
                        64
                    ],
                    [
                        319,
                        56
                    ],
                    [
                        317,
                        46
                    ],
                    [
                        313,
                        39
                    ],
                    [
                        300,
                        36
                    ],
                    [
                        287,
                        41
                    ],
                    [
                        273,
                        51
                    ],
                    [
                        259,
                        58
                    ],
                    [
                        241,
                        56
                    ],
                    [
                        216,
                        52
                    ],
                    [
                        189,
                        46
                    ],
                    [
                        158,
                        36
                    ],
                    [
                        138,
                        33
                    ],
                    [
                        117,
                        24
                    ],
                    [
                        91,
                        16
                    ],
                    [
                        67,
                        11
                    ],
                    [
                        52,
                        6
                    ],
                    [
                        43,
                        2
                    ],
                    [
                        33,
                        0
                    ],
                    [
                        16,
                        0
                    ],
                    [
                        0,
                        0
                    ],
                    [
                        0,
                        171
                    ],
                    [
                        16,
                        171
                    ],
                    [
                        29,
                        164
                    ],
                    [
                        36,
                        158
                    ],
                    [
                        45,
                        156
                    ],
                    [
                        36,
                        226
                    ],
                    [
                        30,
                        280
                    ],
                    [
                        20,
                        365
                    ],
                    [
                        13,
                        433
                    ],
                    [
                        5,
                        485
                    ]
                ],
                "interior": []
            }
        },
        {
            "id": 496963559,
            "classId": 1656178,
            "description": "",
            "geometryType": "polygon",
            "labelerLogin": "trkkvsn0619",
            "createdAt": "2020-08-05T23:23:34.830Z",
            "updatedAt": "2020-08-05T23:25:43.108Z",
            "tags": [
                {
                    "id": 97472661,
                    "tagId": 28281842,
                    "name": "Cell_8",
                    "value": null,
                    "labelerLogin": "trkkvsn0619",
                    "createdAt": "2020-08-05T23:27:19.418Z",
                    "updatedAt": "2020-08-05T23:27:19.418Z"
                }
            ],
            "classTitle": "Cells",
            "points": {
                "exterior": [
                    [
                        1491,
                        375
                    ],
                    [
                        1499,
                        366
                    ],
                    [
                        1535,
                        351
                    ],
                    [
                        1562,
                        340
                    ],
                    [
                        1587,
                        312
                    ],
                    [
                        1607,
                        289
                    ],
                    [
                        1621,
                        257
                    ],
                    [
                        1633,
                        223
                    ],
                    [
                        1628,
                        215
                    ],
                    [
                        1610,
                        213
                    ],
                    [
                        1589,
                        210
                    ],
                    [
                        1573,
                        217
                    ],
                    [
                        1558,
                        217
                    ],
                    [
                        1548,
                        213
                    ],
                    [
                        1536,
                        205
                    ],
                    [
                        1526,
                        191
                    ],
                    [
                        1519,
                        184
                    ],
                    [
                        1516,
                        179
                    ],
                    [
                        1515,
                        162
                    ],
                    [
                        1510,
                        152
                    ],
                    [
                        1509,
                        140
                    ],
                    [
                        1512,
                        123
                    ],
                    [
                        1512,
                        108
                    ],
                    [
                        1516,
                        88
                    ],
                    [
                        1523,
                        77
                    ],
                    [
                        1532,
                        63
                    ],
                    [
                        1539,
                        48
                    ],
                    [
                        1545,
                        30
                    ],
                    [
                        1549,
                        16
                    ],
                    [
                        1554,
                        0
                    ],
                    [
                        1687,
                        2
                    ],
                    [
                        1687,
                        17
                    ],
                    [
                        1690,
                        28
                    ],
                    [
                        1698,
                        40
                    ],
                    [
                        1709,
                        55
                    ],
                    [
                        1726,
                        70
                    ],
                    [
                        1740,
                        83
                    ],
                    [
                        1755,
                        98
                    ],
                    [
                        1772,
                        110
                    ],
                    [
                        1789,
                        123
                    ],
                    [
                        1808,
                        139
                    ],
                    [
                        1833,
                        149
                    ],
                    [
                        1856,
                        154
                    ],
                    [
                        1890,
                        159
                    ],
                    [
                        1923,
                        156
                    ],
                    [
                        1942,
                        145
                    ],
                    [
                        1957,
                        132
                    ],
                    [
                        1973,
                        126
                    ],
                    [
                        1993,
                        128
                    ],
                    [
                        2011,
                        138
                    ],
                    [
                        2016,
                        150
                    ],
                    [
                        2024,
                        164
                    ],
                    [
                        2025,
                        180
                    ],
                    [
                        2021,
                        197
                    ],
                    [
                        2022,
                        211
                    ],
                    [
                        2039,
                        217
                    ],
                    [
                        2046,
                        226
                    ],
                    [
                        2047,
                        240
                    ],
                    [
                        2046,
                        251
                    ],
                    [
                        2044,
                        265
                    ],
                    [
                        2044,
                        278
                    ],
                    [
                        2044,
                        295
                    ],
                    [
                        2041,
                        307
                    ],
                    [
                        2033,
                        309
                    ],
                    [
                        2031,
                        328
                    ],
                    [
                        2024,
                        339
                    ],
                    [
                        2014,
                        347
                    ],
                    [
                        2008,
                        357
                    ],
                    [
                        2005,
                        367
                    ],
                    [
                        2016,
                        376
                    ],
                    [
                        2011,
                        395
                    ],
                    [
                        2001,
                        403
                    ],
                    [
                        1987,
                        413
                    ],
                    [
                        1974,
                        421
                    ],
                    [
                        1956,
                        418
                    ],
                    [
                        1946,
                        419
                    ],
                    [
                        1940,
                        428
                    ],
                    [
                        1936,
                        440
                    ],
                    [
                        1938,
                        450
                    ],
                    [
                        1927,
                        457
                    ],
                    [
                        1901,
                        465
                    ],
                    [
                        1884,
                        465
                    ],
                    [
                        1861,
                        466
                    ],
                    [
                        1839,
                        458
                    ],
                    [
                        1816,
                        455
                    ],
                    [
                        1802,
                        445
                    ],
                    [
                        1790,
                        433
                    ],
                    [
                        1786,
                        422
                    ],
                    [
                        1773,
                        408
                    ],
                    [
                        1762,
                        398
                    ],
                    [
                        1745,
                        392
                    ],
                    [
                        1732,
                        387
                    ],
                    [
                        1731,
                        371
                    ],
                    [
                        1735,
                        361
                    ],
                    [
                        1722,
                        354
                    ],
                    [
                        1712,
                        356
                    ],
                    [
                        1703,
                        352
                    ],
                    [
                        1689,
                        350
                    ],
                    [
                        1673,
                        352
                    ],
                    [
                        1651,
                        359
                    ],
                    [
                        1635,
                        357
                    ],
                    [
                        1618,
                        362
                    ],
                    [
                        1606,
                        367
                    ],
                    [
                        1592,
                        372
                    ],
                    [
                        1578,
                        381
                    ],
                    [
                        1564,
                        384
                    ],
                    [
                        1558,
                        383
                    ],
                    [
                        1552,
                        393
                    ],
                    [
                        1544,
                        400
                    ],
                    [
                        1536,
                        393
                    ],
                    [
                        1526,
                        393
                    ],
                    [
                        1513,
                        391
                    ],
                    [
                        1503,
                        396
                    ],
                    [
                        1495,
                        398
                    ],
                    [
                        1495,
                        388
                    ]
                ],
                "interior": []
            }
        }
    ]
}