{
    "description": "",
    "tags": [
        {
            "id": 85792143,
            "tagId": 28285212,
            "name": "Frame",
            "value": 358,
            "labelerLogin": "trkkvsn0619",
            "createdAt": "2020-08-09T19:09:58.214Z",
            "updatedAt": "2020-08-09T19:09:58.214Z"
        }
    ],
    "size": {
        "height": 1912,
        "width": 2568
    },
    "objects": [
        {
            "id": 496964002,
            "classId": 1656178,
            "description": "",
            "geometryType": "polygon",
            "labelerLogin": "trkkvsn0619",
            "createdAt": "2020-08-05T23:45:10.654Z",
            "updatedAt": "2020-08-06T00:01:50.936Z",
            "tags": [
                {
                    "id": 97550004,
                    "tagId": 28281838,
                    "name": "Cell_4",
                    "value": null,
                    "labelerLogin": "trkkvsn0619",
                    "createdAt": "2020-08-10T15:00:47.570Z",
                    "updatedAt": "2020-08-10T15:00:47.570Z"
                }
            ],
            "classTitle": "Cells",
            "points": {
                "exterior": [
                    [
                        316,
                        690
                    ],
                    [
                        328,
                        670
                    ],
                    [
                        354,
                        642
                    ],
                    [
                        392,
                        614
                    ],
                    [
                        439,
                        601
                    ],
                    [
                        471,
                        604
                    ],
                    [
                        508,
                        604
                    ],
                    [
                        524,
                        603
                    ],
                    [
                        531,
                        596
                    ],
                    [
                        539,
                        593
                    ],
                    [
                        546,
                        596
                    ],
                    [
                        548,
                        604
                    ],
                    [
                        554,
                        608
                    ],
                    [
                        557,
                        611
                    ],
                    [
                        566,
                        616
                    ],
                    [
                        588,
                        627
                    ],
                    [
                        607,
                        651
                    ],
                    [
                        620,
                        681
                    ],
                    [
                        618,
                        705
                    ],
                    [
                        605,
                        718
                    ],
                    [
                        595,
                        745
                    ],
                    [
                        583,
                        767
                    ],
                    [
                        578,
                        793
                    ],
                    [
                        562,
                        800
                    ],
                    [
                        558,
                        825
                    ],
                    [
                        542,
                        839
                    ],
                    [
                        525,
                        848
                    ],
                    [
                        506,
                        852
                    ],
                    [
                        495,
                        840
                    ],
                    [
                        479,
                        838
                    ],
                    [
                        466,
                        840
                    ],
                    [
                        452,
                        852
                    ],
                    [
                        439,
                        842
                    ],
                    [
                        423,
                        835
                    ],
                    [
                        409,
                        836
                    ],
                    [
                        385,
                        844
                    ],
                    [
                        369,
                        857
                    ],
                    [
                        355,
                        834
                    ],
                    [
                        345,
                        823
                    ],
                    [
                        339,
                        814
                    ],
                    [
                        332,
                        808
                    ],
                    [
                        322,
                        809
                    ],
                    [
                        311,
                        809
                    ],
                    [
                        325,
                        793
                    ],
                    [
                        324,
                        784
                    ],
                    [
                        316,
                        784
                    ],
                    [
                        303,
                        784
                    ],
                    [
                        298,
                        779
                    ],
                    [
                        307,
                        764
                    ],
                    [
                        314,
                        757
                    ],
                    [
                        310,
                        750
                    ],
                    [
                        306,
                        736
                    ],
                    [
                        310,
                        716
                    ]
                ],
                "interior": []
            }
        },
        {
            "id": 496964051,
            "classId": 1656178,
            "description": "",
            "geometryType": "polygon",
            "labelerLogin": "trkkvsn0619",
            "createdAt": "2020-08-05T23:47:18.585Z",
            "updatedAt": "2020-08-06T00:01:50.936Z",
            "tags": [
                {
                    "id": 97472907,
                    "tagId": 28281841,
                    "name": "Cell_7",
                    "value": null,
                    "labelerLogin": "trkkvsn0619",
                    "createdAt": "2020-08-06T00:10:01.920Z",
                    "updatedAt": "2020-08-06T00:10:01.920Z"
                }
            ],
            "classTitle": "Cells",
            "points": {
                "exterior": [
                    [
                        1592,
                        690
                    ],
                    [
                        1584,
                        675
                    ],
                    [
                        1586,
                        655
                    ],
                    [
                        1583,
                        640
                    ],
                    [
                        1588,
                        630
                    ],
                    [
                        1588,
                        621
                    ],
                    [
                        1594,
                        606
                    ],
                    [
                        1590,
                        587
                    ],
                    [
                        1589,
                        570
                    ],
                    [
                        1584,
                        553
                    ],
                    [
                        1580,
                        531
                    ],
                    [
                        1575,
                        507
                    ],
                    [
                        1580,
                        490
                    ],
                    [
                        1589,
                        469
                    ],
                    [
                        1588,
                        452
                    ],
                    [
                        1576,
                        444
                    ],
                    [
                        1567,
                        436
                    ],
                    [
                        1560,
                        432
                    ],
                    [
                        1561,
                        416
                    ],
                    [
                        1567,
                        397
                    ],
                    [
                        1575,
                        389
                    ],
                    [
                        1588,
                        384
                    ],
                    [
                        1612,
                        377
                    ],
                    [
                        1617,
                        366
                    ],
                    [
                        1610,
                        355
                    ],
                    [
                        1595,
                        358
                    ],
                    [
                        1585,
                        360
                    ],
                    [
                        1569,
                        361
                    ],
                    [
                        1557,
                        365
                    ],
                    [
                        1553,
                        364
                    ],
                    [
                        1559,
                        356
                    ],
                    [
                        1568,
                        350
                    ],
                    [
                        1572,
                        348
                    ],
                    [
                        1579,
                        343
                    ],
                    [
                        1574,
                        342
                    ],
                    [
                        1571,
                        340
                    ],
                    [
                        1585,
                        332
                    ],
                    [
                        1588,
                        325
                    ],
                    [
                        1599,
                        318
                    ],
                    [
                        1612,
                        314
                    ],
                    [
                        1620,
                        318
                    ],
                    [
                        1628,
                        323
                    ],
                    [
                        1639,
                        322
                    ],
                    [
                        1648,
                        316
                    ],
                    [
                        1660,
                        310
                    ],
                    [
                        1676,
                        308
                    ],
                    [
                        1684,
                        311
                    ],
                    [
                        1699,
                        313
                    ],
                    [
                        1708,
                        312
                    ],
                    [
                        1717,
                        308
                    ],
                    [
                        1727,
                        309
                    ],
                    [
                        1736,
                        304
                    ],
                    [
                        1745,
                        304
                    ],
                    [
                        1747,
                        313
                    ],
                    [
                        1754,
                        314
                    ],
                    [
                        1763,
                        319
                    ],
                    [
                        1771,
                        318
                    ],
                    [
                        1773,
                        328
                    ],
                    [
                        1773,
                        338
                    ],
                    [
                        1771,
                        357
                    ],
                    [
                        1764,
                        371
                    ],
                    [
                        1752,
                        381
                    ],
                    [
                        1756,
                        399
                    ],
                    [
                        1762,
                        409
                    ],
                    [
                        1761,
                        423
                    ],
                    [
                        1765,
                        442
                    ],
                    [
                        1771,
                        461
                    ],
                    [
                        1774,
                        479
                    ],
                    [
                        1778,
                        506
                    ],
                    [
                        1773,
                        526
                    ],
                    [
                        1766,
                        551
                    ],
                    [
                        1751,
                        572
                    ],
                    [
                        1736,
                        584
                    ],
                    [
                        1721,
                        596
                    ],
                    [
                        1702,
                        615
                    ],
                    [
                        1688,
                        629
                    ],
                    [
                        1686,
                        649
                    ],
                    [
                        1687,
                        667
                    ],
                    [
                        1681,
                        683
                    ],
                    [
                        1668,
                        696
                    ],
                    [
                        1649,
                        707
                    ],
                    [
                        1633,
                        711
                    ],
                    [
                        1619,
                        704
                    ],
                    [
                        1610,
                        697
                    ]
                ],
                "interior": []
            }
        },
        {
            "id": 496964106,
            "classId": 1656178,
            "description": "",
            "geometryType": "polygon",
            "labelerLogin": "trkkvsn0619",
            "createdAt": "2020-08-05T23:50:34.507Z",
            "updatedAt": "2020-08-06T00:01:50.936Z",
            "tags": [
                {
                    "id": 97472908,
                    "tagId": 28281842,
                    "name": "Cell_8",
                    "value": null,
                    "labelerLogin": "trkkvsn0619",
                    "createdAt": "2020-08-06T00:10:05.566Z",
                    "updatedAt": "2020-08-06T00:10:05.566Z"
                }
            ],
            "classTitle": "Cells",
            "points": {
                "exterior": [
                    [
                        1533,
                        330
                    ],
                    [
                        1542,
                        324
                    ],
                    [
                        1548,
                        300
                    ],
                    [
                        1561,
                        275
                    ],
                    [
                        1594,
                        239
                    ],
                    [
                        1620,
                        220
                    ],
                    [
                        1653,
                        192
                    ],
                    [
                        1669,
                        167
                    ],
                    [
                        1666,
                        144
                    ],
                    [
                        1646,
                        123
                    ],
                    [
                        1638,
                        94
                    ],
                    [
                        1651,
                        78
                    ],
                    [
                        1664,
                        56
                    ],
                    [
                        1688,
                        34
                    ],
                    [
                        1723,
                        2
                    ],
                    [
                        1822,
                        2
                    ],
                    [
                        1844,
                        17
                    ],
                    [
                        1858,
                        32
                    ],
                    [
                        1867,
                        45
                    ],
                    [
                        1870,
                        68
                    ],
                    [
                        1870,
                        87
                    ],
                    [
                        1873,
                        107
                    ],
                    [
                        1889,
                        127
                    ],
                    [
                        1904,
                        133
                    ],
                    [
                        1932,
                        127
                    ],
                    [
                        1951,
                        110
                    ],
                    [
                        1966,
                        89
                    ],
                    [
                        1986,
                        73
                    ],
                    [
                        2005,
                        70
                    ],
                    [
                        2025,
                        64
                    ],
                    [
                        2043,
                        64
                    ],
                    [
                        2053,
                        71
                    ],
                    [
                        2067,
                        71
                    ],
                    [
                        2076,
                        66
                    ],
                    [
                        2086,
                        64
                    ],
                    [
                        2102,
                        70
                    ],
                    [
                        2109,
                        75
                    ],
                    [
                        2108,
                        81
                    ],
                    [
                        2115,
                        89
                    ],
                    [
                        2123,
                        96
                    ],
                    [
                        2126,
                        107
                    ],
                    [
                        2119,
                        116
                    ],
                    [
                        2117,
                        125
                    ],
                    [
                        2110,
                        136
                    ],
                    [
                        2105,
                        148
                    ],
                    [
                        2109,
                        159
                    ],
                    [
                        2110,
                        169
                    ],
                    [
                        2107,
                        183
                    ],
                    [
                        2104,
                        198
                    ],
                    [
                        2101,
                        208
                    ],
                    [
                        2098,
                        223
                    ],
                    [
                        2090,
                        234
                    ],
                    [
                        2084,
                        238
                    ],
                    [
                        2074,
                        248
                    ],
                    [
                        2072,
                        263
                    ],
                    [
                        2075,
                        270
                    ],
                    [
                        2072,
                        282
                    ],
                    [
                        2064,
                        287
                    ],
                    [
                        2063,
                        299
                    ],
                    [
                        2051,
                        313
                    ],
                    [
                        2042,
                        331
                    ],
                    [
                        2033,
                        341
                    ],
                    [
                        2025,
                        354
                    ],
                    [
                        2021,
                        369
                    ],
                    [
                        2007,
                        380
                    ],
                    [
                        1991,
                        389
                    ],
                    [
                        1967,
                        393
                    ],
                    [
                        1955,
                        388
                    ],
                    [
                        1946,
                        381
                    ],
                    [
                        1936,
                        373
                    ],
                    [
                        1927,
                        376
                    ],
                    [
                        1912,
                        382
                    ],
                    [
                        1891,
                        386
                    ],
                    [
                        1881,
                        379
                    ],
                    [
                        1873,
                        363
                    ],
                    [
                        1872,
                        351
                    ],
                    [
                        1869,
                        338
                    ],
                    [
                        1859,
                        332
                    ],
                    [
                        1847,
                        327
                    ],
                    [
                        1836,
                        325
                    ],
                    [
                        1828,
                        322
                    ],
                    [
                        1814,
                        327
                    ],
                    [
                        1804,
                        328
                    ],
                    [
                        1792,
                        321
                    ],
                    [
                        1781,
                        318
                    ],
                    [
                        1773,
                        317
                    ],
                    [
                        1763,
                        319
                    ],
                    [
                        1752,
                        312
                    ],
                    [
                        1750,
                        305
                    ],
                    [
                        1741,
                        304
                    ],
                    [
                        1728,
                        305
                    ],
                    [
                        1720,
                        308
                    ],
                    [
                        1713,
                        311
                    ],
                    [
                        1706,
                        311
                    ],
                    [
                        1696,
                        312
                    ],
                    [
                        1689,
                        310
                    ],
                    [
                        1680,
                        307
                    ],
                    [
                        1674,
                        308
                    ],
                    [
                        1664,
                        308
                    ],
                    [
                        1655,
                        311
                    ],
                    [
                        1648,
                        316
                    ],
                    [
                        1638,
                        320
                    ],
                    [
                        1630,
                        322
                    ],
                    [
                        1621,
                        318
                    ],
                    [
                        1616,
                        315
                    ],
                    [
                        1612,
                        315
                    ],
                    [
                        1606,
                        316
                    ],
                    [
                        1598,
                        318
                    ],
                    [
                        1589,
                        324
                    ],
                    [
                        1584,
                        328
                    ],
                    [
                        1579,
                        335
                    ],
                    [
                        1571,
                        341
                    ],
                    [
                        1566,
                        341
                    ],
                    [
                        1560,
                        340
                    ],
                    [
                        1553,
                        339
                    ],
                    [
                        1539,
                        342
                    ],
                    [
                        1524,
                        348
                    ],
                    [
                        1523,
                        343
                    ],
                    [
                        1530,
                        334
                    ]
                ],
                "interior": []
            }
        },
        {
            "id": 496964149,
            "classId": 1656178,
            "description": "",
            "geometryType": "polygon",
            "labelerLogin": "trkkvsn0619",
            "createdAt": "2020-08-05T23:53:04.325Z",
            "updatedAt": "2020-08-10T14:59:24.296Z",
            "tags": [
                {
                    "id": 97472903,
                    "tagId": 28281835,
                    "name": "Cell_3",
                    "value": null,
                    "labelerLogin": "trkkvsn0619",
                    "createdAt": "2020-08-06T00:09:42.732Z",
                    "updatedAt": "2020-08-06T00:09:42.732Z"
                }
            ],
            "classTitle": "Cells",
            "points": {
                "exterior": [
                    [
                        0,
                        611
                    ],
                    [
                        28,
                        577
                    ],
                    [
                        44,
                        554
                    ],
                    [
                        69,
                        530
                    ],
                    [
                        92,
                        512
                    ],
                    [
                        107,
                        503
                    ],
                    [
                        119,
                        488
                    ],
                    [
                        128,
                        471
                    ],
                    [
                        128,
                        460
                    ],
                    [
                        135,
                        443
                    ],
                    [
                        139,
                        428
                    ],
                    [
                        148,
                        410
                    ],
                    [
                        160,
                        402
                    ],
                    [
                        168,
                        394
                    ],
                    [
                        163,
                        382
                    ],
                    [
                        159,
                        375
                    ],
                    [
                        151,
                        373
                    ],
                    [
                        141,
                        376
                    ],
                    [
                        130,
                        387
                    ],
                    [
                        124,
                        398
                    ],
                    [
                        117,
                        396
                    ],
                    [
                        114,
                        387
                    ],
                    [
                        108,
                        383
                    ],
                    [
                        104,
                        389
                    ],
                    [
                        98,
                        402
                    ],
                    [
                        95,
                        412
                    ],
                    [
                        84,
                        418
                    ],
                    [
                        76,
                        409
                    ],
                    [
                        73,
                        403
                    ],
                    [
                        67,
                        395
                    ],
                    [
                        58,
                        402
                    ],
                    [
                        52,
                        413
                    ],
                    [
                        55,
                        428
                    ],
                    [
                        59,
                        440
                    ],
                    [
                        63,
                        455
                    ],
                    [
                        63,
                        465
                    ],
                    [
                        56,
                        475
                    ],
                    [
                        49,
                        490
                    ],
                    [
                        37,
                        499
                    ],
                    [
                        27,
                        509
                    ],
                    [
                        14,
                        523
                    ],
                    [
                        0,
                        541
                    ],
                    [
                        0,
                        581
                    ]
                ],
                "interior": []
            }
        },
        {
            "id": 496964171,
            "classId": 1656178,
            "description": "",
            "geometryType": "polygon",
            "labelerLogin": "trkkvsn0619",
            "createdAt": "2020-08-05T23:54:43.714Z",
            "updatedAt": "2020-08-06T00:01:50.936Z",
            "tags": [
                {
                    "id": 97550003,
                    "tagId": 28281834,
                    "name": "Cell_2",
                    "value": null,
                    "labelerLogin": "trkkvsn0619",
                    "createdAt": "2020-08-10T15:00:44.173Z",
                    "updatedAt": "2020-08-10T15:00:44.173Z"
                }
            ],
            "classTitle": "Cells",
            "points": {
                "exterior": [
                    [
                        0,
                        615
                    ],
                    [
                        14,
                        596
                    ],
                    [
                        29,
                        579
                    ],
                    [
                        44,
                        557
                    ],
                    [
                        57,
                        540
                    ],
                    [
                        78,
                        525
                    ],
                    [
                        107,
                        506
                    ],
                    [
                        121,
                        491
                    ],
                    [
                        127,
                        473
                    ],
                    [
                        132,
                        450
                    ],
                    [
                        141,
                        441
                    ],
                    [
                        159,
                        440
                    ],
                    [
                        169,
                        449
                    ],
                    [
                        185,
                        459
                    ],
                    [
                        197,
                        471
                    ],
                    [
                        206,
                        488
                    ],
                    [
                        218,
                        492
                    ],
                    [
                        228,
                        481
                    ],
                    [
                        246,
                        476
                    ],
                    [
                        261,
                        480
                    ],
                    [
                        270,
                        491
                    ],
                    [
                        277,
                        506
                    ],
                    [
                        281,
                        518
                    ],
                    [
                        281,
                        531
                    ],
                    [
                        292,
                        536
                    ],
                    [
                        299,
                        536
                    ],
                    [
                        304,
                        540
                    ],
                    [
                        310,
                        544
                    ],
                    [
                        312,
                        548
                    ],
                    [
                        310,
                        556
                    ],
                    [
                        305,
                        561
                    ],
                    [
                        294,
                        568
                    ],
                    [
                        301,
                        584
                    ],
                    [
                        297,
                        593
                    ],
                    [
                        284,
                        606
                    ],
                    [
                        283,
                        613
                    ],
                    [
                        274,
                        625
                    ],
                    [
                        259,
                        633
                    ],
                    [
                        246,
                        630
                    ],
                    [
                        233,
                        631
                    ],
                    [
                        216,
                        632
                    ],
                    [
                        203,
                        635
                    ],
                    [
                        188,
                        647
                    ],
                    [
                        174,
                        656
                    ],
                    [
                        153,
                        675
                    ],
                    [
                        138,
                        692
                    ],
                    [
                        122,
                        710
                    ],
                    [
                        104,
                        730
                    ],
                    [
                        92,
                        744
                    ],
                    [
                        77,
                        758
                    ],
                    [
                        62,
                        771
                    ],
                    [
                        41,
                        794
                    ],
                    [
                        28,
                        812
                    ],
                    [
                        16,
                        825
                    ],
                    [
                        0,
                        839
                    ]
                ],
                "interior": []
            }
        },
        {
            "id": 496964197,
            "classId": 1656178,
            "description": "",
            "geometryType": "polygon",
            "labelerLogin": "trkkvsn0619",
            "createdAt": "2020-08-05T23:56:17.157Z",
            "updatedAt": "2020-08-06T00:01:50.936Z",
            "tags": [
                {
                    "id": 97472901,
                    "tagId": 28281830,
                    "name": "Cell_1",
                    "value": null,
                    "labelerLogin": "trkkvsn0619",
                    "createdAt": "2020-08-06T00:09:36.085Z",
                    "updatedAt": "2020-08-06T00:09:36.085Z"
                }
            ],
            "classTitle": "Cells",
            "points": {
                "exterior": [
                    [
                        0,
                        58
                    ],
                    [
                        10,
                        62
                    ],
                    [
                        21,
                        71
                    ],
                    [
                        39,
                        77
                    ],
                    [
                        48,
                        85
                    ],
                    [
                        49,
                        98
                    ],
                    [
                        56,
                        98
                    ],
                    [
                        65,
                        92
                    ],
                    [
                        76,
                        90
                    ],
                    [
                        90,
                        96
                    ],
                    [
                        103,
                        100
                    ],
                    [
                        133,
                        106
                    ],
                    [
                        151,
                        114
                    ],
                    [
                        167,
                        116
                    ],
                    [
                        179,
                        123
                    ],
                    [
                        194,
                        128
                    ],
                    [
                        210,
                        135
                    ],
                    [
                        229,
                        145
                    ],
                    [
                        254,
                        161
                    ],
                    [
                        271,
                        177
                    ],
                    [
                        284,
                        193
                    ],
                    [
                        289,
                        210
                    ],
                    [
                        292,
                        223
                    ],
                    [
                        303,
                        231
                    ],
                    [
                        319,
                        233
                    ],
                    [
                        331,
                        234
                    ],
                    [
                        346,
                        228
                    ],
                    [
                        364,
                        227
                    ],
                    [
                        376,
                        225
                    ],
                    [
                        391,
                        217
                    ],
                    [
                        407,
                        208
                    ],
                    [
                        412,
                        195
                    ],
                    [
                        413,
                        183
                    ],
                    [
                        410,
                        170
                    ],
                    [
                        410,
                        160
                    ],
                    [
                        402,
                        155
                    ],
                    [
                        392,
                        149
                    ],
                    [
                        390,
                        135
                    ],
                    [
                        388,
                        119
                    ],
                    [
                        391,
                        110
                    ],
                    [
                        398,
                        102
                    ],
                    [
                        394,
                        93
                    ],
                    [
                        383,
                        84
                    ],
                    [
                        376,
                        74
                    ],
                    [
                        363,
                        69
                    ],
                    [
                        353,
                        61
                    ],
                    [
                        356,
                        50
                    ],
                    [
                        349,
                        44
                    ],
                    [
                        341,
                        32
                    ],
                    [
                        319,
                        34
                    ],
                    [
                        304,
                        34
                    ],
                    [
                        295,
                        34
                    ],
                    [
                        280,
                        29
                    ],
                    [
                        269,
                        26
                    ],
                    [
                        259,
                        30
                    ],
                    [
                        253,
                        37
                    ],
                    [
                        241,
                        42
                    ],
                    [
                        228,
                        40
                    ],
                    [
                        219,
                        41
                    ],
                    [
                        207,
                        36
                    ],
                    [
                        191,
                        32
                    ],
                    [
                        184,
                        26
                    ],
                    [
                        175,
                        20
                    ],
                    [
                        164,
                        14
                    ],
                    [
                        154,
                        9
                    ],
                    [
                        142,
                        4
                    ],
                    [
                        138,
                        0
                    ],
                    [
                        0,
                        0
                    ]
                ],
                "interior": []
            }
        },
        {
            "id": 496964263,
            "classId": 1656178,
            "description": "",
            "geometryType": "polygon",
            "labelerLogin": "trkkvsn0619",
            "createdAt": "2020-08-05T23:59:22.097Z",
            "updatedAt": "2020-08-06T00:09:25.477Z",
            "tags": [
                {
                    "id": 97472906,
                    "tagId": 28281840,
                    "name": "Cell_6",
                    "value": null,
                    "labelerLogin": "trkkvsn0619",
                    "createdAt": "2020-08-06T00:09:56.455Z",
                    "updatedAt": "2020-08-06T00:09:56.455Z"
                }
            ],
            "classTitle": "Cells",
            "points": {
                "exterior": [
                    [
                        1512,
                        1533
                    ],
                    [
                        1490,
                        1536
                    ],
                    [
                        1452,
                        1538
                    ],
                    [
                        1393,
                        1537
                    ],
                    [
                        1352,
                        1525
                    ],
                    [
                        1299,
                        1513
                    ],
                    [
                        1267,
                        1496
                    ],
                    [
                        1210,
                        1484
                    ],
                    [
                        1168,
                        1472
                    ],
                    [
                        1125,
                        1468
                    ],
                    [
                        1091,
                        1474
                    ],
                    [
                        1063,
                        1480
                    ],
                    [
                        1036,
                        1494
                    ],
                    [
                        959,
                        1488
                    ],
                    [
                        901,
                        1480
                    ],
                    [
                        872,
                        1470
                    ],
                    [
                        838,
                        1458
                    ],
                    [
                        822,
                        1468
                    ],
                    [
                        822,
                        1496
                    ],
                    [
                        824,
                        1527
                    ],
                    [
                        856,
                        1539
                    ],
                    [
                        875,
                        1561
                    ],
                    [
                        887,
                        1580
                    ],
                    [
                        903,
                        1600
                    ],
                    [
                        914,
                        1617
                    ],
                    [
                        921,
                        1644
                    ],
                    [
                        934,
                        1649
                    ],
                    [
                        955,
                        1647
                    ],
                    [
                        976,
                        1650
                    ],
                    [
                        1009,
                        1642
                    ],
                    [
                        1054,
                        1635
                    ],
                    [
                        1101,
                        1633
                    ],
                    [
                        1148,
                        1627
                    ],
                    [
                        1175,
                        1625
                    ],
                    [
                        1218,
                        1609
                    ],
                    [
                        1248,
                        1606
                    ],
                    [
                        1275,
                        1606
                    ],
                    [
                        1316,
                        1604
                    ],
                    [
                        1352,
                        1604
                    ],
                    [
                        1385,
                        1602
                    ],
                    [
                        1415,
                        1602
                    ],
                    [
                        1450,
                        1608
                    ],
                    [
                        1475,
                        1609
                    ],
                    [
                        1513,
                        1625
                    ],
                    [
                        1534,
                        1637
                    ],
                    [
                        1576,
                        1648
                    ],
                    [
                        1598,
                        1642
                    ],
                    [
                        1630,
                        1633
                    ],
                    [
                        1655,
                        1624
                    ],
                    [
                        1672,
                        1613
                    ],
                    [
                        1705,
                        1601
                    ],
                    [
                        1719,
                        1599
                    ],
                    [
                        1741,
                        1583
                    ],
                    [
                        1753,
                        1567
                    ],
                    [
                        1755,
                        1546
                    ],
                    [
                        1744,
                        1527
                    ],
                    [
                        1732,
                        1516
                    ],
                    [
                        1718,
                        1512
                    ],
                    [
                        1704,
                        1512
                    ],
                    [
                        1681,
                        1517
                    ],
                    [
                        1670,
                        1504
                    ],
                    [
                        1649,
                        1499
                    ],
                    [
                        1630,
                        1502
                    ],
                    [
                        1624,
                        1508
                    ],
                    [
                        1615,
                        1516
                    ],
                    [
                        1596,
                        1506
                    ],
                    [
                        1583,
                        1514
                    ],
                    [
                        1565,
                        1521
                    ],
                    [
                        1547,
                        1528
                    ],
                    [
                        1530,
                        1531
                    ]
                ],
                "interior": []
            }
        },
        {
            "id": 496964303,
            "classId": 1656178,
            "description": "",
            "geometryType": "polygon",
            "labelerLogin": "trkkvsn0619",
            "createdAt": "2020-08-06T00:01:49.731Z",
            "updatedAt": "2020-08-06T00:09:01.415Z",
            "tags": [
                {
                    "id": 97472905,
                    "tagId": 28281839,
                    "name": "Cell_5",
                    "value": null,
                    "labelerLogin": "trkkvsn0619",
                    "createdAt": "2020-08-06T00:09:54.391Z",
                    "updatedAt": "2020-08-06T00:09:54.391Z"
                }
            ],
            "classTitle": "Cells",
            "points": {
                "exterior": [
                    [
                        486,
                        1458
                    ],
                    [
                        479,
                        1444
                    ],
                    [
                        475,
                        1424
                    ],
                    [
                        476,
                        1406
                    ],
                    [
                        465,
                        1386
                    ],
                    [
                        481,
                        1360
                    ],
                    [
                        492,
                        1342
                    ],
                    [
                        504,
                        1320
                    ],
                    [
                        520,
                        1304
                    ],
                    [
                        532,
                        1293
                    ],
                    [
                        557,
                        1284
                    ],
                    [
                        580,
                        1273
                    ],
                    [
                        613,
                        1270
                    ],
                    [
                        637,
                        1279
                    ],
                    [
                        654,
                        1283
                    ],
                    [
                        681,
                        1285
                    ],
                    [
                        699,
                        1294
                    ],
                    [
                        718,
                        1306
                    ],
                    [
                        728,
                        1315
                    ],
                    [
                        735,
                        1333
                    ],
                    [
                        748,
                        1344
                    ],
                    [
                        772,
                        1346
                    ],
                    [
                        783,
                        1336
                    ],
                    [
                        786,
                        1324
                    ],
                    [
                        800,
                        1319
                    ],
                    [
                        806,
                        1303
                    ],
                    [
                        815,
                        1295
                    ],
                    [
                        842,
                        1289
                    ],
                    [
                        864,
                        1287
                    ],
                    [
                        875,
                        1288
                    ],
                    [
                        889,
                        1285
                    ],
                    [
                        912,
                        1285
                    ],
                    [
                        928,
                        1299
                    ],
                    [
                        950,
                        1310
                    ],
                    [
                        967,
                        1295
                    ],
                    [
                        969,
                        1279
                    ],
                    [
                        979,
                        1272
                    ],
                    [
                        1005,
                        1264
                    ],
                    [
                        1029,
                        1268
                    ],
                    [
                        1055,
                        1271
                    ],
                    [
                        1083,
                        1274
                    ],
                    [
                        1098,
                        1276
                    ],
                    [
                        1114,
                        1286
                    ],
                    [
                        1144,
                        1294
                    ],
                    [
                        1164,
                        1305
                    ],
                    [
                        1186,
                        1305
                    ],
                    [
                        1212,
                        1311
                    ],
                    [
                        1230,
                        1325
                    ],
                    [
                        1252,
                        1341
                    ],
                    [
                        1263,
                        1351
                    ],
                    [
                        1278,
                        1359
                    ],
                    [
                        1304,
                        1367
                    ],
                    [
                        1325,
                        1371
                    ],
                    [
                        1337,
                        1382
                    ],
                    [
                        1333,
                        1397
                    ],
                    [
                        1334,
                        1409
                    ],
                    [
                        1347,
                        1414
                    ],
                    [
                        1360,
                        1414
                    ],
                    [
                        1367,
                        1426
                    ],
                    [
                        1373,
                        1437
                    ],
                    [
                        1379,
                        1441
                    ],
                    [
                        1381,
                        1456
                    ],
                    [
                        1387,
                        1473
                    ],
                    [
                        1394,
                        1478
                    ],
                    [
                        1409,
                        1485
                    ],
                    [
                        1420,
                        1490
                    ],
                    [
                        1433,
                        1497
                    ],
                    [
                        1444,
                        1509
                    ],
                    [
                        1453,
                        1521
                    ],
                    [
                        1459,
                        1533
                    ],
                    [
                        1447,
                        1543
                    ],
                    [
                        1403,
                        1542
                    ],
                    [
                        1378,
                        1537
                    ],
                    [
                        1352,
                        1535
                    ],
                    [
                        1323,
                        1526
                    ],
                    [
                        1303,
                        1521
                    ],
                    [
                        1279,
                        1508
                    ],
                    [
                        1251,
                        1498
                    ],
                    [
                        1230,
                        1497
                    ],
                    [
                        1208,
                        1476
                    ],
                    [
                        1185,
                        1469
                    ],
                    [
                        1146,
                        1465
                    ],
                    [
                        1115,
                        1466
                    ],
                    [
                        1084,
                        1478
                    ],
                    [
                        1050,
                        1499
                    ],
                    [
                        1036,
                        1513
                    ],
                    [
                        1019,
                        1534
                    ],
                    [
                        1010,
                        1560
                    ],
                    [
                        1015,
                        1592
                    ],
                    [
                        1035,
                        1642
                    ],
                    [
                        1054,
                        1688
                    ],
                    [
                        1073,
                        1741
                    ],
                    [
                        1094,
                        1789
                    ],
                    [
                        1109,
                        1827
                    ],
                    [
                        1121,
                        1859
                    ],
                    [
                        1135,
                        1888
                    ],
                    [
                        1146,
                        1911
                    ],
                    [
                        1131,
                        1911
                    ],
                    [
                        1119,
                        1890
                    ],
                    [
                        1110,
                        1871
                    ],
                    [
                        1099,
                        1842
                    ],
                    [
                        1087,
                        1808
                    ],
                    [
                        1066,
                        1754
                    ],
                    [
                        1048,
                        1708
                    ],
                    [
                        1019,
                        1642
                    ],
                    [
                        989,
                        1582
                    ],
                    [
                        946,
                        1524
                    ],
                    [
                        886,
                        1481
                    ],
                    [
                        848,
                        1466
                    ],
                    [
                        803,
                        1451
                    ],
                    [
                        772,
                        1449
                    ],
                    [
                        752,
                        1454
                    ],
                    [
                        732,
                        1457
                    ],
                    [
                        705,
                        1458
                    ],
                    [
                        691,
                        1459
                    ],
                    [
                        675,
                        1467
                    ],
                    [
                        668,
                        1468
                    ],
                    [
                        645,
                        1470
                    ],
                    [
                        627,
                        1470
                    ],
                    [
                        611,
                        1472
                    ],
                    [
                        593,
                        1471
                    ],
                    [
                        574,
                        1481
                    ],
                    [
                        554,
                        1490
                    ],
                    [
                        531,
                        1495
                    ],
                    [
                        512,
                        1483
                    ],
                    [
                        502,
                        1473
                    ]
                ],
                "interior": []
            }
        }
    ]
}