{
    "description": "",
    "tags": [
        {
            "id": 85792135,
            "tagId": 28285212,
            "name": "Frame",
            "value": 15,
            "labelerLogin": "trkkvsn0619",
            "createdAt": "2020-08-09T19:07:10.963Z",
            "updatedAt": "2020-08-09T19:07:10.963Z"
        }
    ],
    "size": {
        "height": 1912,
        "width": 2568
    },
    "objects": [
        {
            "id": 495684656,
            "classId": 1656178,
            "description": "",
            "geometryType": "polygon",
            "labelerLogin": "trkkvsn0619",
            "createdAt": "2020-08-02T21:37:58.853Z",
            "updatedAt": "2020-08-05T19:04:32.268Z",
            "tags": [
                {
                    "id": 97336233,
                    "tagId": 28281839,
                    "name": "Cell_5",
                    "value": null,
                    "labelerLogin": "trkkvsn0619",
                    "createdAt": "2020-08-02T21:40:07.131Z",
                    "updatedAt": "2020-08-02T21:40:07.131Z"
                }
            ],
            "classTitle": "Cells",
            "points": {
                "exterior": [
                    [
                        667,
                        1522
                    ],
                    [
                        669,
                        1514
                    ],
                    [
                        680,
                        1502
                    ],
                    [
                        677,
                        1482
                    ],
                    [
                        686,
                        1475
                    ],
                    [
                        704,
                        1467
                    ],
                    [
                        727,
                        1440
                    ],
                    [
                        730,
                        1418
                    ],
                    [
                        737,
                        1395
                    ],
                    [
                        754,
                        1383
                    ],
                    [
                        779,
                        1384
                    ],
                    [
                        790,
                        1397
                    ],
                    [
                        797,
                        1397
                    ],
                    [
                        806,
                        1393
                    ],
                    [
                        814,
                        1386
                    ],
                    [
                        825,
                        1367
                    ],
                    [
                        851,
                        1358
                    ],
                    [
                        869,
                        1362
                    ],
                    [
                        874,
                        1377
                    ],
                    [
                        886,
                        1385
                    ],
                    [
                        892,
                        1398
                    ],
                    [
                        906,
                        1405
                    ],
                    [
                        915,
                        1419
                    ],
                    [
                        923,
                        1424
                    ],
                    [
                        930,
                        1423
                    ],
                    [
                        936,
                        1426
                    ],
                    [
                        941,
                        1427
                    ],
                    [
                        946,
                        1431
                    ],
                    [
                        949,
                        1438
                    ],
                    [
                        946,
                        1446
                    ],
                    [
                        956,
                        1458
                    ],
                    [
                        963,
                        1465
                    ],
                    [
                        974,
                        1468
                    ],
                    [
                        980,
                        1461
                    ],
                    [
                        986,
                        1456
                    ],
                    [
                        990,
                        1455
                    ],
                    [
                        994,
                        1458
                    ],
                    [
                        1007,
                        1468
                    ],
                    [
                        1018,
                        1482
                    ],
                    [
                        1024,
                        1496
                    ],
                    [
                        1028,
                        1516
                    ],
                    [
                        1019,
                        1531
                    ],
                    [
                        1010,
                        1543
                    ],
                    [
                        1013,
                        1549
                    ],
                    [
                        1014,
                        1557
                    ],
                    [
                        1012,
                        1563
                    ],
                    [
                        1010,
                        1570
                    ],
                    [
                        1010,
                        1586
                    ],
                    [
                        1028,
                        1595
                    ],
                    [
                        1033,
                        1610
                    ],
                    [
                        1025,
                        1621
                    ],
                    [
                        1009,
                        1628
                    ],
                    [
                        999,
                        1640
                    ],
                    [
                        986,
                        1651
                    ],
                    [
                        983,
                        1660
                    ],
                    [
                        985,
                        1669
                    ],
                    [
                        977,
                        1677
                    ],
                    [
                        968,
                        1675
                    ],
                    [
                        961,
                        1666
                    ],
                    [
                        949,
                        1682
                    ],
                    [
                        937,
                        1688
                    ],
                    [
                        924,
                        1694
                    ],
                    [
                        905,
                        1700
                    ],
                    [
                        888,
                        1699
                    ],
                    [
                        872,
                        1702
                    ],
                    [
                        861,
                        1702
                    ],
                    [
                        847,
                        1702
                    ],
                    [
                        830,
                        1705
                    ],
                    [
                        820,
                        1696
                    ],
                    [
                        821,
                        1689
                    ],
                    [
                        811,
                        1677
                    ],
                    [
                        803,
                        1667
                    ],
                    [
                        793,
                        1675
                    ],
                    [
                        779,
                        1677
                    ],
                    [
                        769,
                        1672
                    ],
                    [
                        760,
                        1672
                    ],
                    [
                        751,
                        1667
                    ],
                    [
                        742,
                        1661
                    ],
                    [
                        731,
                        1656
                    ],
                    [
                        716,
                        1661
                    ],
                    [
                        707,
                        1662
                    ],
                    [
                        701,
                        1653
                    ],
                    [
                        703,
                        1641
                    ],
                    [
                        691,
                        1639
                    ],
                    [
                        684,
                        1630
                    ],
                    [
                        680,
                        1623
                    ],
                    [
                        675,
                        1614
                    ],
                    [
                        675,
                        1607
                    ],
                    [
                        667,
                        1599
                    ],
                    [
                        660,
                        1593
                    ],
                    [
                        654,
                        1583
                    ],
                    [
                        651,
                        1570
                    ],
                    [
                        653,
                        1560
                    ],
                    [
                        659,
                        1554
                    ],
                    [
                        667,
                        1551
                    ],
                    [
                        671,
                        1545
                    ],
                    [
                        669,
                        1539
                    ],
                    [
                        663,
                        1534
                    ],
                    [
                        662,
                        1528
                    ]
                ],
                "interior": []
            }
        },
        {
            "id": 495684657,
            "classId": 1656178,
            "description": "",
            "geometryType": "polygon",
            "labelerLogin": "trkkvsn0619",
            "createdAt": "2020-08-02T21:40:23.071Z",
            "updatedAt": "2020-08-05T19:04:32.268Z",
            "tags": [
                {
                    "id": 97336234,
                    "tagId": 28281840,
                    "name": "Cell_6",
                    "value": null,
                    "labelerLogin": "trkkvsn0619",
                    "createdAt": "2020-08-02T21:41:37.999Z",
                    "updatedAt": "2020-08-02T21:41:37.999Z"
                }
            ],
            "classTitle": "Cells",
            "points": {
                "exterior": [
                    [
                        1514,
                        1609
                    ],
                    [
                        1503,
                        1604
                    ],
                    [
                        1499,
                        1591
                    ],
                    [
                        1503,
                        1582
                    ],
                    [
                        1498,
                        1565
                    ],
                    [
                        1502,
                        1555
                    ],
                    [
                        1508,
                        1546
                    ],
                    [
                        1517,
                        1537
                    ],
                    [
                        1528,
                        1516
                    ],
                    [
                        1547,
                        1500
                    ],
                    [
                        1566,
                        1498
                    ],
                    [
                        1576,
                        1509
                    ],
                    [
                        1594,
                        1501
                    ],
                    [
                        1606,
                        1489
                    ],
                    [
                        1624,
                        1480
                    ],
                    [
                        1642,
                        1478
                    ],
                    [
                        1659,
                        1481
                    ],
                    [
                        1671,
                        1495
                    ],
                    [
                        1686,
                        1507
                    ],
                    [
                        1699,
                        1518
                    ],
                    [
                        1709,
                        1512
                    ],
                    [
                        1722,
                        1508
                    ],
                    [
                        1732,
                        1510
                    ],
                    [
                        1741,
                        1519
                    ],
                    [
                        1744,
                        1529
                    ],
                    [
                        1750,
                        1532
                    ],
                    [
                        1747,
                        1540
                    ],
                    [
                        1743,
                        1556
                    ],
                    [
                        1740,
                        1567
                    ],
                    [
                        1738,
                        1583
                    ],
                    [
                        1733,
                        1590
                    ],
                    [
                        1729,
                        1604
                    ],
                    [
                        1722,
                        1617
                    ],
                    [
                        1717,
                        1624
                    ],
                    [
                        1709,
                        1633
                    ],
                    [
                        1700,
                        1646
                    ],
                    [
                        1691,
                        1655
                    ],
                    [
                        1677,
                        1670
                    ],
                    [
                        1655,
                        1676
                    ],
                    [
                        1638,
                        1685
                    ],
                    [
                        1614,
                        1689
                    ],
                    [
                        1596,
                        1688
                    ],
                    [
                        1572,
                        1681
                    ],
                    [
                        1555,
                        1674
                    ],
                    [
                        1542,
                        1660
                    ],
                    [
                        1533,
                        1649
                    ],
                    [
                        1524,
                        1636
                    ],
                    [
                        1518,
                        1622
                    ]
                ],
                "interior": []
            }
        },
        {
            "id": 495684660,
            "classId": 1656178,
            "description": "",
            "geometryType": "polygon",
            "labelerLogin": "trkkvsn0619",
            "createdAt": "2020-08-02T21:41:50.445Z",
            "updatedAt": "2020-08-05T19:04:32.268Z",
            "tags": [
                {
                    "id": 97336235,
                    "tagId": 28281834,
                    "name": "Cell_2",
                    "value": null,
                    "labelerLogin": "trkkvsn0619",
                    "createdAt": "2020-08-02T21:43:10.812Z",
                    "updatedAt": "2020-08-02T21:43:10.812Z"
                }
            ],
            "classTitle": "Cells",
            "points": {
                "exterior": [
                    [
                        494,
                        847
                    ],
                    [
                        499,
                        835
                    ],
                    [
                        494,
                        827
                    ],
                    [
                        489,
                        818
                    ],
                    [
                        482,
                        805
                    ],
                    [
                        484,
                        790
                    ],
                    [
                        480,
                        776
                    ],
                    [
                        476,
                        768
                    ],
                    [
                        469,
                        765
                    ],
                    [
                        462,
                        756
                    ],
                    [
                        464,
                        746
                    ],
                    [
                        471,
                        740
                    ],
                    [
                        477,
                        736
                    ],
                    [
                        473,
                        718
                    ],
                    [
                        474,
                        710
                    ],
                    [
                        479,
                        705
                    ],
                    [
                        492,
                        687
                    ],
                    [
                        500,
                        672
                    ],
                    [
                        506,
                        661
                    ],
                    [
                        510,
                        655
                    ],
                    [
                        518,
                        650
                    ],
                    [
                        529,
                        650
                    ],
                    [
                        540,
                        653
                    ],
                    [
                        549,
                        658
                    ],
                    [
                        554,
                        663
                    ],
                    [
                        569,
                        657
                    ],
                    [
                        579,
                        652
                    ],
                    [
                        606,
                        655
                    ],
                    [
                        628,
                        667
                    ],
                    [
                        636,
                        658
                    ],
                    [
                        648,
                        657
                    ],
                    [
                        665,
                        656
                    ],
                    [
                        678,
                        674
                    ],
                    [
                        686,
                        690
                    ],
                    [
                        680,
                        718
                    ],
                    [
                        688,
                        741
                    ],
                    [
                        705,
                        762
                    ],
                    [
                        706,
                        789
                    ],
                    [
                        681,
                        824
                    ],
                    [
                        650,
                        853
                    ],
                    [
                        604,
                        878
                    ],
                    [
                        591,
                        885
                    ],
                    [
                        587,
                        898
                    ],
                    [
                        572,
                        900
                    ],
                    [
                        554,
                        901
                    ],
                    [
                        541,
                        890
                    ],
                    [
                        523,
                        883
                    ],
                    [
                        503,
                        860
                    ]
                ],
                "interior": []
            }
        },
        {
            "id": 495684661,
            "classId": 1656178,
            "description": "",
            "geometryType": "polygon",
            "labelerLogin": "trkkvsn0619",
            "createdAt": "2020-08-02T21:44:46.570Z",
            "updatedAt": "2020-08-05T20:36:45.112Z",
            "tags": [
                {
                    "id": 97336236,
                    "tagId": 28281841,
                    "name": "Cell_7",
                    "value": null,
                    "labelerLogin": "trkkvsn0619",
                    "createdAt": "2020-08-02T21:45:53.153Z",
                    "updatedAt": "2020-08-02T21:45:53.153Z"
                }
            ],
            "classTitle": "Cells",
            "points": {
                "exterior": [
                    [
                        1706,
                        794
                    ],
                    [
                        1708,
                        803
                    ],
                    [
                        1707,
                        809
                    ],
                    [
                        1693,
                        811
                    ],
                    [
                        1690,
                        825
                    ],
                    [
                        1675,
                        822
                    ],
                    [
                        1664,
                        815
                    ],
                    [
                        1652,
                        818
                    ],
                    [
                        1639,
                        828
                    ],
                    [
                        1625,
                        828
                    ],
                    [
                        1623,
                        827
                    ],
                    [
                        1619,
                        819
                    ],
                    [
                        1613,
                        800
                    ],
                    [
                        1606,
                        779
                    ],
                    [
                        1610,
                        764
                    ],
                    [
                        1602,
                        758
                    ],
                    [
                        1594,
                        745
                    ],
                    [
                        1586,
                        724
                    ],
                    [
                        1576,
                        711
                    ],
                    [
                        1563,
                        705
                    ],
                    [
                        1547,
                        703
                    ],
                    [
                        1526,
                        699
                    ],
                    [
                        1509,
                        680
                    ],
                    [
                        1515,
                        657
                    ],
                    [
                        1535,
                        642
                    ],
                    [
                        1556,
                        636
                    ],
                    [
                        1569,
                        622
                    ],
                    [
                        1558,
                        598
                    ],
                    [
                        1550,
                        573
                    ],
                    [
                        1557,
                        563
                    ],
                    [
                        1568,
                        561
                    ],
                    [
                        1580,
                        566
                    ],
                    [
                        1592,
                        573
                    ],
                    [
                        1598,
                        579
                    ],
                    [
                        1610,
                        572
                    ],
                    [
                        1610,
                        553
                    ],
                    [
                        1623,
                        540
                    ],
                    [
                        1647,
                        538
                    ],
                    [
                        1666,
                        547
                    ],
                    [
                        1680,
                        541
                    ],
                    [
                        1709,
                        530
                    ],
                    [
                        1734,
                        530
                    ],
                    [
                        1747,
                        549
                    ],
                    [
                        1737,
                        564
                    ],
                    [
                        1735,
                        588
                    ],
                    [
                        1745,
                        612
                    ],
                    [
                        1747,
                        636
                    ],
                    [
                        1747,
                        660
                    ],
                    [
                        1744,
                        683
                    ],
                    [
                        1740,
                        709
                    ],
                    [
                        1733,
                        720
                    ],
                    [
                        1736,
                        731
                    ],
                    [
                        1744,
                        741
                    ],
                    [
                        1751,
                        750
                    ],
                    [
                        1755,
                        760
                    ],
                    [
                        1747,
                        771
                    ],
                    [
                        1739,
                        778
                    ],
                    [
                        1741,
                        789
                    ],
                    [
                        1730,
                        796
                    ],
                    [
                        1722,
                        787
                    ],
                    [
                        1713,
                        788
                    ]
                ],
                "interior": []
            }
        },
        {
            "id": 496949756,
            "classId": 1656178,
            "description": "",
            "geometryType": "polygon",
            "labelerLogin": "trkkvsn0619",
            "createdAt": "2020-08-05T17:13:03.186Z",
            "updatedAt": "2020-08-05T19:14:41.153Z",
            "tags": [
                {
                    "id": 97467691,
                    "tagId": 28281842,
                    "name": "Cell_8",
                    "value": null,
                    "labelerLogin": "trkkvsn0619",
                    "createdAt": "2020-08-05T17:17:29.660Z",
                    "updatedAt": "2020-08-05T17:17:29.660Z"
                }
            ],
            "classTitle": "Cells",
            "points": {
                "exterior": [
                    [
                        1540,
                        288
                    ],
                    [
                        1535,
                        282
                    ],
                    [
                        1529,
                        274
                    ],
                    [
                        1528,
                        268
                    ],
                    [
                        1530,
                        263
                    ],
                    [
                        1525,
                        262
                    ],
                    [
                        1524,
                        258
                    ],
                    [
                        1522,
                        256
                    ],
                    [
                        1525,
                        251
                    ],
                    [
                        1528,
                        248
                    ],
                    [
                        1528,
                        243
                    ],
                    [
                        1529,
                        240
                    ],
                    [
                        1532,
                        228
                    ],
                    [
                        1535,
                        219
                    ],
                    [
                        1536,
                        210
                    ],
                    [
                        1539,
                        198
                    ],
                    [
                        1535,
                        189
                    ],
                    [
                        1524,
                        190
                    ],
                    [
                        1516,
                        190
                    ],
                    [
                        1512,
                        184
                    ],
                    [
                        1510,
                        176
                    ],
                    [
                        1511,
                        170
                    ],
                    [
                        1515,
                        164
                    ],
                    [
                        1522,
                        160
                    ],
                    [
                        1525,
                        148
                    ],
                    [
                        1520,
                        143
                    ],
                    [
                        1512,
                        138
                    ],
                    [
                        1508,
                        133
                    ],
                    [
                        1507,
                        124
                    ],
                    [
                        1512,
                        115
                    ],
                    [
                        1519,
                        110
                    ],
                    [
                        1527,
                        103
                    ],
                    [
                        1536,
                        102
                    ],
                    [
                        1542,
                        101
                    ],
                    [
                        1547,
                        100
                    ],
                    [
                        1545,
                        94
                    ],
                    [
                        1545,
                        88
                    ],
                    [
                        1546,
                        78
                    ],
                    [
                        1551,
                        75
                    ],
                    [
                        1560,
                        67
                    ],
                    [
                        1563,
                        61
                    ],
                    [
                        1568,
                        56
                    ],
                    [
                        1577,
                        53
                    ],
                    [
                        1585,
                        49
                    ],
                    [
                        1594,
                        48
                    ],
                    [
                        1602,
                        49
                    ],
                    [
                        1611,
                        56
                    ],
                    [
                        1618,
                        58
                    ],
                    [
                        1622,
                        50
                    ],
                    [
                        1623,
                        41
                    ],
                    [
                        1626,
                        35
                    ],
                    [
                        1631,
                        38
                    ],
                    [
                        1637,
                        44
                    ],
                    [
                        1641,
                        45
                    ],
                    [
                        1647,
                        40
                    ],
                    [
                        1652,
                        33
                    ],
                    [
                        1658,
                        27
                    ],
                    [
                        1666,
                        23
                    ],
                    [
                        1675,
                        21
                    ],
                    [
                        1685,
                        28
                    ],
                    [
                        1690,
                        31
                    ],
                    [
                        1696,
                        33
                    ],
                    [
                        1704,
                        34
                    ],
                    [
                        1710,
                        40
                    ],
                    [
                        1717,
                        44
                    ],
                    [
                        1722,
                        50
                    ],
                    [
                        1728,
                        56
                    ],
                    [
                        1734,
                        63
                    ],
                    [
                        1738,
                        65
                    ],
                    [
                        1746,
                        60
                    ],
                    [
                        1751,
                        58
                    ],
                    [
                        1757,
                        55
                    ],
                    [
                        1762,
                        59
                    ],
                    [
                        1766,
                        63
                    ],
                    [
                        1769,
                        67
                    ],
                    [
                        1771,
                        74
                    ],
                    [
                        1772,
                        79
                    ],
                    [
                        1773,
                        90
                    ],
                    [
                        1775,
                        98
                    ],
                    [
                        1776,
                        102
                    ],
                    [
                        1777,
                        108
                    ],
                    [
                        1781,
                        112
                    ],
                    [
                        1785,
                        113
                    ],
                    [
                        1792,
                        114
                    ],
                    [
                        1799,
                        113
                    ],
                    [
                        1805,
                        117
                    ],
                    [
                        1809,
                        121
                    ],
                    [
                        1812,
                        127
                    ],
                    [
                        1815,
                        134
                    ],
                    [
                        1819,
                        141
                    ],
                    [
                        1822,
                        145
                    ],
                    [
                        1825,
                        150
                    ],
                    [
                        1828,
                        154
                    ],
                    [
                        1829,
                        158
                    ],
                    [
                        1824,
                        158
                    ],
                    [
                        1820,
                        155
                    ],
                    [
                        1817,
                        152
                    ],
                    [
                        1813,
                        150
                    ],
                    [
                        1810,
                        147
                    ],
                    [
                        1808,
                        145
                    ],
                    [
                        1803,
                        144
                    ],
                    [
                        1798,
                        146
                    ],
                    [
                        1796,
                        150
                    ],
                    [
                        1796,
                        155
                    ],
                    [
                        1797,
                        159
                    ],
                    [
                        1800,
                        163
                    ],
                    [
                        1805,
                        165
                    ],
                    [
                        1809,
                        166
                    ],
                    [
                        1813,
                        168
                    ],
                    [
                        1816,
                        170
                    ],
                    [
                        1817,
                        174
                    ],
                    [
                        1815,
                        178
                    ],
                    [
                        1803,
                        184
                    ],
                    [
                        1797,
                        186
                    ],
                    [
                        1788,
                        190
                    ],
                    [
                        1776,
                        202
                    ],
                    [
                        1772,
                        206
                    ],
                    [
                        1766,
                        214
                    ],
                    [
                        1762,
                        220
                    ],
                    [
                        1756,
                        228
                    ],
                    [
                        1751,
                        236
                    ],
                    [
                        1747,
                        245
                    ],
                    [
                        1749,
                        256
                    ],
                    [
                        1754,
                        264
                    ],
                    [
                        1761,
                        273
                    ],
                    [
                        1759,
                        280
                    ],
                    [
                        1752,
                        283
                    ],
                    [
                        1747,
                        281
                    ],
                    [
                        1740,
                        283
                    ],
                    [
                        1735,
                        289
                    ],
                    [
                        1733,
                        293
                    ],
                    [
                        1731,
                        298
                    ],
                    [
                        1729,
                        302
                    ],
                    [
                        1723,
                        302
                    ],
                    [
                        1717,
                        299
                    ],
                    [
                        1711,
                        295
                    ],
                    [
                        1701,
                        293
                    ],
                    [
                        1695,
                        298
                    ],
                    [
                        1688,
                        307
                    ],
                    [
                        1685,
                        315
                    ],
                    [
                        1680,
                        322
                    ],
                    [
                        1674,
                        329
                    ],
                    [
                        1668,
                        337
                    ],
                    [
                        1666,
                        342
                    ],
                    [
                        1660,
                        349
                    ],
                    [
                        1653,
                        352
                    ],
                    [
                        1646,
                        352
                    ],
                    [
                        1633,
                        343
                    ],
                    [
                        1627,
                        338
                    ],
                    [
                        1621,
                        331
                    ],
                    [
                        1614,
                        325
                    ],
                    [
                        1611,
                        318
                    ],
                    [
                        1607,
                        312
                    ],
                    [
                        1603,
                        306
                    ],
                    [
                        1594,
                        308
                    ],
                    [
                        1588,
                        310
                    ],
                    [
                        1580,
                        313
                    ],
                    [
                        1573,
                        315
                    ],
                    [
                        1567,
                        314
                    ],
                    [
                        1563,
                        310
                    ],
                    [
                        1561,
                        304
                    ],
                    [
                        1558,
                        300
                    ],
                    [
                        1553,
                        295
                    ],
                    [
                        1548,
                        291
                    ]
                ],
                "interior": []
            }
        },
        {
            "id": 496951274,
            "classId": 1656178,
            "description": "",
            "geometryType": "polygon",
            "labelerLogin": "trkkvsn0619",
            "createdAt": "2020-08-05T18:57:36.422Z",
            "updatedAt": "2020-08-05T19:04:32.268Z",
            "tags": [
                {
                    "id": 97467792,
                    "tagId": 28281830,
                    "name": "Cell_1",
                    "value": null,
                    "labelerLogin": "trkkvsn0619",
                    "createdAt": "2020-08-05T18:58:53.784Z",
                    "updatedAt": "2020-08-05T18:58:53.784Z"
                }
            ],
            "classTitle": "Cells",
            "points": {
                "exterior": [
                    [
                        77,
                        329
                    ],
                    [
                        69,
                        310
                    ],
                    [
                        60,
                        284
                    ],
                    [
                        56,
                        265
                    ],
                    [
                        63,
                        251
                    ],
                    [
                        72,
                        233
                    ],
                    [
                        82,
                        213
                    ],
                    [
                        92,
                        194
                    ],
                    [
                        106,
                        187
                    ],
                    [
                        123,
                        183
                    ],
                    [
                        139,
                        178
                    ],
                    [
                        156,
                        172
                    ],
                    [
                        172,
                        168
                    ],
                    [
                        185,
                        166
                    ],
                    [
                        196,
                        164
                    ],
                    [
                        209,
                        165
                    ],
                    [
                        222,
                        171
                    ],
                    [
                        237,
                        185
                    ],
                    [
                        242,
                        196
                    ],
                    [
                        253,
                        209
                    ],
                    [
                        264,
                        222
                    ],
                    [
                        270,
                        231
                    ],
                    [
                        277,
                        244
                    ],
                    [
                        281,
                        255
                    ],
                    [
                        285,
                        265
                    ],
                    [
                        280,
                        277
                    ],
                    [
                        273,
                        291
                    ],
                    [
                        269,
                        305
                    ],
                    [
                        269,
                        316
                    ],
                    [
                        268,
                        327
                    ],
                    [
                        262,
                        338
                    ],
                    [
                        255,
                        348
                    ],
                    [
                        247,
                        356
                    ],
                    [
                        235,
                        359
                    ],
                    [
                        228,
                        363
                    ],
                    [
                        218,
                        370
                    ],
                    [
                        209,
                        370
                    ],
                    [
                        201,
                        375
                    ],
                    [
                        190,
                        379
                    ],
                    [
                        178,
                        381
                    ],
                    [
                        169,
                        382
                    ],
                    [
                        158,
                        383
                    ],
                    [
                        144,
                        384
                    ],
                    [
                        136,
                        381
                    ],
                    [
                        125,
                        372
                    ],
                    [
                        117,
                        366
                    ],
                    [
                        112,
                        361
                    ],
                    [
                        101,
                        354
                    ],
                    [
                        91,
                        351
                    ],
                    [
                        83,
                        342
                    ]
                ],
                "interior": []
            }
        },
        {
            "id": 496951286,
            "classId": 1656178,
            "description": "",
            "geometryType": "polygon",
            "labelerLogin": "trkkvsn0619",
            "createdAt": "2020-08-05T18:59:23.148Z",
            "updatedAt": "2020-08-10T14:13:11.398Z",
            "tags": [
                {
                    "id": 97467794,
                    "tagId": 28281843,
                    "name": "Cell_9",
                    "value": null,
                    "labelerLogin": "trkkvsn0619",
                    "createdAt": "2020-08-05T19:00:32.030Z",
                    "updatedAt": "2020-08-05T19:00:32.030Z"
                }
            ],
            "classTitle": "Cells",
            "points": {
                "exterior": [
                    [
                        2568,
                        949
                    ],
                    [
                        2560,
                        953
                    ],
                    [
                        2551,
                        946
                    ],
                    [
                        2549,
                        936
                    ],
                    [
                        2533,
                        927
                    ],
                    [
                        2515,
                        913
                    ],
                    [
                        2500,
                        903
                    ],
                    [
                        2489,
                        888
                    ],
                    [
                        2474,
                        871
                    ],
                    [
                        2473,
                        857
                    ],
                    [
                        2474,
                        838
                    ],
                    [
                        2476,
                        813
                    ],
                    [
                        2471,
                        803
                    ],
                    [
                        2469,
                        791
                    ],
                    [
                        2470,
                        781
                    ],
                    [
                        2466,
                        767
                    ],
                    [
                        2466,
                        754
                    ],
                    [
                        2456,
                        746
                    ],
                    [
                        2452,
                        740
                    ],
                    [
                        2451,
                        733
                    ],
                    [
                        2459,
                        731
                    ],
                    [
                        2468,
                        730
                    ],
                    [
                        2479,
                        731
                    ],
                    [
                        2497,
                        727
                    ],
                    [
                        2515,
                        718
                    ],
                    [
                        2536,
                        721
                    ],
                    [
                        2552,
                        721
                    ],
                    [
                        2567,
                        719
                    ],
                    [
                        2568,
                        722
                    ]
                ],
                "interior": []
            }
        },
        {
            "id": 496951300,
            "classId": 1656178,
            "description": "",
            "geometryType": "polygon",
            "labelerLogin": "trkkvsn0619",
            "createdAt": "2020-08-05T19:00:58.721Z",
            "updatedAt": "2020-08-05T19:04:32.268Z",
            "tags": [
                {
                    "id": 97467830,
                    "tagId": 28281835,
                    "name": "Cell_3",
                    "value": null,
                    "labelerLogin": "trkkvsn0619",
                    "createdAt": "2020-08-05T19:04:14.825Z",
                    "updatedAt": "2020-08-05T19:04:14.825Z"
                }
            ],
            "classTitle": "Cells",
            "points": {
                "exterior": [
                    [
                        0,
                        426
                    ],
                    [
                        13,
                        426
                    ],
                    [
                        28,
                        419
                    ],
                    [
                        40,
                        411
                    ],
                    [
                        42,
                        404
                    ],
                    [
                        45,
                        398
                    ],
                    [
                        53,
                        396
                    ],
                    [
                        61,
                        394
                    ],
                    [
                        69,
                        396
                    ],
                    [
                        75,
                        392
                    ],
                    [
                        85,
                        390
                    ],
                    [
                        96,
                        388
                    ],
                    [
                        105,
                        390
                    ],
                    [
                        112,
                        395
                    ],
                    [
                        116,
                        400
                    ],
                    [
                        118,
                        409
                    ],
                    [
                        131,
                        404
                    ],
                    [
                        144,
                        402
                    ],
                    [
                        157,
                        408
                    ],
                    [
                        160,
                        419
                    ],
                    [
                        157,
                        428
                    ],
                    [
                        148,
                        442
                    ],
                    [
                        158,
                        459
                    ],
                    [
                        170,
                        456
                    ],
                    [
                        178,
                        455
                    ],
                    [
                        184,
                        458
                    ],
                    [
                        187,
                        463
                    ],
                    [
                        190,
                        469
                    ],
                    [
                        191,
                        475
                    ],
                    [
                        187,
                        484
                    ],
                    [
                        179,
                        489
                    ],
                    [
                        175,
                        503
                    ],
                    [
                        182,
                        518
                    ],
                    [
                        190,
                        532
                    ],
                    [
                        193,
                        549
                    ],
                    [
                        189,
                        564
                    ],
                    [
                        181,
                        577
                    ],
                    [
                        178,
                        585
                    ],
                    [
                        174,
                        596
                    ],
                    [
                        169,
                        605
                    ],
                    [
                        165,
                        615
                    ],
                    [
                        159,
                        619
                    ],
                    [
                        157,
                        628
                    ],
                    [
                        160,
                        641
                    ],
                    [
                        158,
                        654
                    ],
                    [
                        155,
                        663
                    ],
                    [
                        150,
                        672
                    ],
                    [
                        148,
                        680
                    ],
                    [
                        144,
                        683
                    ],
                    [
                        139,
                        685
                    ],
                    [
                        135,
                        682
                    ],
                    [
                        127,
                        678
                    ],
                    [
                        122,
                        674
                    ],
                    [
                        119,
                        671
                    ],
                    [
                        118,
                        662
                    ],
                    [
                        114,
                        660
                    ],
                    [
                        108,
                        658
                    ],
                    [
                        97,
                        657
                    ],
                    [
                        89,
                        656
                    ],
                    [
                        78,
                        656
                    ],
                    [
                        72,
                        654
                    ],
                    [
                        68,
                        660
                    ],
                    [
                        67,
                        668
                    ],
                    [
                        61,
                        672
                    ],
                    [
                        55,
                        668
                    ],
                    [
                        52,
                        661
                    ],
                    [
                        46,
                        657
                    ],
                    [
                        36,
                        656
                    ],
                    [
                        30,
                        653
                    ],
                    [
                        22,
                        651
                    ],
                    [
                        17,
                        650
                    ],
                    [
                        11,
                        646
                    ],
                    [
                        5,
                        644
                    ],
                    [
                        0,
                        644
                    ]
                ],
                "interior": []
            }
        },
        {
            "id": 496951370,
            "classId": 1656178,
            "description": "",
            "geometryType": "polygon",
            "labelerLogin": "trkkvsn0619",
            "createdAt": "2020-08-05T19:04:31.669Z",
            "updatedAt": "2020-08-05T19:08:33.186Z",
            "tags": [
                {
                    "id": 97467841,
                    "tagId": 28281838,
                    "name": "Cell_4",
                    "value": null,
                    "labelerLogin": "trkkvsn0619",
                    "createdAt": "2020-08-05T19:08:46.104Z",
                    "updatedAt": "2020-08-05T19:08:46.104Z"
                }
            ],
            "classTitle": "Cells",
            "points": {
                "exterior": [
                    [
                        0,
                        976
                    ],
                    [
                        21,
                        971
                    ],
                    [
                        36,
                        976
                    ],
                    [
                        41,
                        985
                    ],
                    [
                        50,
                        991
                    ],
                    [
                        63,
                        991
                    ],
                    [
                        69,
                        984
                    ],
                    [
                        62,
                        976
                    ],
                    [
                        61,
                        965
                    ],
                    [
                        65,
                        956
                    ],
                    [
                        77,
                        948
                    ],
                    [
                        90,
                        940
                    ],
                    [
                        97,
                        934
                    ],
                    [
                        107,
                        930
                    ],
                    [
                        109,
                        921
                    ],
                    [
                        108,
                        917
                    ],
                    [
                        113,
                        913
                    ],
                    [
                        109,
                        912
                    ],
                    [
                        106,
                        907
                    ],
                    [
                        103,
                        904
                    ],
                    [
                        107,
                        892
                    ],
                    [
                        118,
                        888
                    ],
                    [
                        128,
                        884
                    ],
                    [
                        136,
                        879
                    ],
                    [
                        143,
                        869
                    ],
                    [
                        151,
                        861
                    ],
                    [
                        154,
                        856
                    ],
                    [
                        153,
                        848
                    ],
                    [
                        157,
                        843
                    ],
                    [
                        163,
                        833
                    ],
                    [
                        168,
                        825
                    ],
                    [
                        168,
                        814
                    ],
                    [
                        163,
                        802
                    ],
                    [
                        170,
                        791
                    ],
                    [
                        174,
                        787
                    ],
                    [
                        175,
                        775
                    ],
                    [
                        170,
                        760
                    ],
                    [
                        166,
                        752
                    ],
                    [
                        163,
                        748
                    ],
                    [
                        164,
                        745
                    ],
                    [
                        167,
                        740
                    ],
                    [
                        163,
                        737
                    ],
                    [
                        160,
                        738
                    ],
                    [
                        154,
                        736
                    ],
                    [
                        149,
                        731
                    ],
                    [
                        145,
                        728
                    ],
                    [
                        139,
                        725
                    ],
                    [
                        134,
                        722
                    ],
                    [
                        131,
                        715
                    ],
                    [
                        130,
                        710
                    ],
                    [
                        127,
                        707
                    ],
                    [
                        126,
                        703
                    ],
                    [
                        125,
                        700
                    ],
                    [
                        119,
                        697
                    ],
                    [
                        114,
                        695
                    ],
                    [
                        110,
                        694
                    ],
                    [
                        105,
                        696
                    ],
                    [
                        100,
                        697
                    ],
                    [
                        95,
                        695
                    ],
                    [
                        91,
                        693
                    ],
                    [
                        86,
                        689
                    ],
                    [
                        80,
                        686
                    ],
                    [
                        73,
                        681
                    ],
                    [
                        69,
                        678
                    ],
                    [
                        66,
                        675
                    ],
                    [
                        61,
                        673
                    ],
                    [
                        52,
                        664
                    ],
                    [
                        47,
                        661
                    ],
                    [
                        42,
                        657
                    ],
                    [
                        35,
                        656
                    ],
                    [
                        27,
                        654
                    ],
                    [
                        22,
                        654
                    ],
                    [
                        14,
                        652
                    ],
                    [
                        10,
                        649
                    ],
                    [
                        6,
                        647
                    ],
                    [
                        0,
                        646
                    ]
                ],
                "interior": []
            }
        }
    ]
}