{
    "description": "",
    "tags": [
        {
            "id": 85792139,
            "tagId": 28285212,
            "name": "Frame",
            "value": 28,
            "labelerLogin": "trkkvsn0619",
            "createdAt": "2020-08-09T19:08:45.184Z",
            "updatedAt": "2020-08-09T19:08:45.184Z"
        }
    ],
    "size": {
        "height": 1912,
        "width": 2568
    },
    "objects": [
        {
            "id": 496962476,
            "classId": 1656178,
            "description": "",
            "geometryType": "polygon",
            "labelerLogin": "trkkvsn0619",
            "createdAt": "2020-08-05T22:22:46.397Z",
            "updatedAt": "2020-08-05T22:37:47.389Z",
            "tags": [
                {
                    "id": 97472277,
                    "tagId": 28281839,
                    "name": "Cell_5",
                    "value": null,
                    "labelerLogin": "trkkvsn0619",
                    "createdAt": "2020-08-05T22:24:47.386Z",
                    "updatedAt": "2020-08-05T22:24:47.386Z"
                }
            ],
            "classTitle": "Cells",
            "points": {
                "exterior": [
                    [
                        758,
                        1694
                    ],
                    [
                        744,
                        1692
                    ],
                    [
                        722,
                        1687
                    ],
                    [
                        709,
                        1679
                    ],
                    [
                        695,
                        1670
                    ],
                    [
                        683,
                        1663
                    ],
                    [
                        668,
                        1656
                    ],
                    [
                        666,
                        1647
                    ],
                    [
                        666,
                        1631
                    ],
                    [
                        660,
                        1619
                    ],
                    [
                        649,
                        1611
                    ],
                    [
                        638,
                        1601
                    ],
                    [
                        624,
                        1597
                    ],
                    [
                        616,
                        1583
                    ],
                    [
                        615,
                        1569
                    ],
                    [
                        622,
                        1556
                    ],
                    [
                        632,
                        1553
                    ],
                    [
                        637,
                        1541
                    ],
                    [
                        634,
                        1521
                    ],
                    [
                        635,
                        1507
                    ],
                    [
                        647,
                        1498
                    ],
                    [
                        656,
                        1487
                    ],
                    [
                        663,
                        1472
                    ],
                    [
                        676,
                        1461
                    ],
                    [
                        690,
                        1455
                    ],
                    [
                        701,
                        1442
                    ],
                    [
                        703,
                        1424
                    ],
                    [
                        710,
                        1405
                    ],
                    [
                        719,
                        1396
                    ],
                    [
                        736,
                        1384
                    ],
                    [
                        745,
                        1382
                    ],
                    [
                        755,
                        1385
                    ],
                    [
                        770,
                        1380
                    ],
                    [
                        784,
                        1378
                    ],
                    [
                        797,
                        1374
                    ],
                    [
                        807,
                        1367
                    ],
                    [
                        814,
                        1366
                    ],
                    [
                        821,
                        1365
                    ],
                    [
                        835,
                        1359
                    ],
                    [
                        850,
                        1356
                    ],
                    [
                        862,
                        1363
                    ],
                    [
                        870,
                        1362
                    ],
                    [
                        886,
                        1360
                    ],
                    [
                        905,
                        1364
                    ],
                    [
                        923,
                        1374
                    ],
                    [
                        935,
                        1378
                    ],
                    [
                        954,
                        1377
                    ],
                    [
                        969,
                        1376
                    ],
                    [
                        985,
                        1379
                    ],
                    [
                        1002,
                        1393
                    ],
                    [
                        1012,
                        1409
                    ],
                    [
                        1020,
                        1427
                    ],
                    [
                        1023,
                        1440
                    ],
                    [
                        1032,
                        1452
                    ],
                    [
                        1036,
                        1460
                    ],
                    [
                        1028,
                        1467
                    ],
                    [
                        1026,
                        1480
                    ],
                    [
                        1025,
                        1497
                    ],
                    [
                        1028,
                        1515
                    ],
                    [
                        1039,
                        1526
                    ],
                    [
                        1044,
                        1540
                    ],
                    [
                        1050,
                        1557
                    ],
                    [
                        1057,
                        1578
                    ],
                    [
                        1053,
                        1591
                    ],
                    [
                        1046,
                        1606
                    ],
                    [
                        1050,
                        1619
                    ],
                    [
                        1057,
                        1630
                    ],
                    [
                        1061,
                        1647
                    ],
                    [
                        1059,
                        1659
                    ],
                    [
                        1052,
                        1667
                    ],
                    [
                        1040,
                        1673
                    ],
                    [
                        1023,
                        1671
                    ],
                    [
                        1013,
                        1662
                    ],
                    [
                        1004,
                        1659
                    ],
                    [
                        995,
                        1664
                    ],
                    [
                        981,
                        1671
                    ],
                    [
                        976,
                        1679
                    ],
                    [
                        969,
                        1689
                    ],
                    [
                        954,
                        1696
                    ],
                    [
                        944,
                        1703
                    ],
                    [
                        934,
                        1702
                    ],
                    [
                        922,
                        1706
                    ],
                    [
                        913,
                        1715
                    ],
                    [
                        904,
                        1721
                    ],
                    [
                        902,
                        1730
                    ],
                    [
                        895,
                        1736
                    ],
                    [
                        880,
                        1738
                    ],
                    [
                        876,
                        1738
                    ],
                    [
                        875,
                        1730
                    ],
                    [
                        869,
                        1721
                    ],
                    [
                        850,
                        1720
                    ],
                    [
                        834,
                        1720
                    ],
                    [
                        823,
                        1717
                    ],
                    [
                        808,
                        1712
                    ],
                    [
                        787,
                        1706
                    ],
                    [
                        781,
                        1705
                    ],
                    [
                        769,
                        1698
                    ]
                ],
                "interior": []
            }
        },
        {
            "id": 496962511,
            "classId": 1656178,
            "description": "",
            "geometryType": "polygon",
            "labelerLogin": "trkkvsn0619",
            "createdAt": "2020-08-05T22:24:56.848Z",
            "updatedAt": "2020-08-10T14:35:17.465Z",
            "tags": [
                {
                    "id": 97472285,
                    "tagId": 28281840,
                    "name": "Cell_6",
                    "value": null,
                    "labelerLogin": "trkkvsn0619",
                    "createdAt": "2020-08-05T22:26:09.790Z",
                    "updatedAt": "2020-08-05T22:26:09.790Z"
                }
            ],
            "classTitle": "Cells",
            "points": {
                "exterior": [
                    [
                        1534,
                        1644
                    ],
                    [
                        1521,
                        1637
                    ],
                    [
                        1507,
                        1625
                    ],
                    [
                        1493,
                        1611
                    ],
                    [
                        1484,
                        1594
                    ],
                    [
                        1493,
                        1579
                    ],
                    [
                        1492,
                        1569
                    ],
                    [
                        1486,
                        1560
                    ],
                    [
                        1485,
                        1548
                    ],
                    [
                        1495,
                        1538
                    ],
                    [
                        1504,
                        1516
                    ],
                    [
                        1511,
                        1504
                    ],
                    [
                        1524,
                        1487
                    ],
                    [
                        1541,
                        1475
                    ],
                    [
                        1560,
                        1469
                    ],
                    [
                        1581,
                        1463
                    ],
                    [
                        1600,
                        1459
                    ],
                    [
                        1619,
                        1459
                    ],
                    [
                        1641,
                        1461
                    ],
                    [
                        1657,
                        1459
                    ],
                    [
                        1672,
                        1458
                    ],
                    [
                        1687,
                        1463
                    ],
                    [
                        1696,
                        1472
                    ],
                    [
                        1700,
                        1484
                    ],
                    [
                        1701,
                        1492
                    ],
                    [
                        1713,
                        1494
                    ],
                    [
                        1724,
                        1495
                    ],
                    [
                        1730,
                        1486
                    ],
                    [
                        1742,
                        1489
                    ],
                    [
                        1751,
                        1497
                    ],
                    [
                        1752,
                        1506
                    ],
                    [
                        1758,
                        1518
                    ],
                    [
                        1763,
                        1531
                    ],
                    [
                        1757,
                        1542
                    ],
                    [
                        1759,
                        1552
                    ],
                    [
                        1756,
                        1559
                    ],
                    [
                        1750,
                        1572
                    ],
                    [
                        1747,
                        1585
                    ],
                    [
                        1743,
                        1598
                    ],
                    [
                        1742,
                        1604
                    ],
                    [
                        1744,
                        1612
                    ],
                    [
                        1742,
                        1618
                    ],
                    [
                        1737,
                        1617
                    ],
                    [
                        1733,
                        1612
                    ],
                    [
                        1726,
                        1611
                    ],
                    [
                        1723,
                        1618
                    ],
                    [
                        1723,
                        1624
                    ],
                    [
                        1722,
                        1631
                    ],
                    [
                        1718,
                        1637
                    ],
                    [
                        1714,
                        1642
                    ],
                    [
                        1716,
                        1651
                    ],
                    [
                        1716,
                        1660
                    ],
                    [
                        1716,
                        1672
                    ],
                    [
                        1713,
                        1678
                    ],
                    [
                        1707,
                        1681
                    ],
                    [
                        1700,
                        1678
                    ],
                    [
                        1698,
                        1680
                    ],
                    [
                        1695,
                        1685
                    ],
                    [
                        1689,
                        1691
                    ],
                    [
                        1684,
                        1696
                    ],
                    [
                        1680,
                        1693
                    ],
                    [
                        1673,
                        1688
                    ],
                    [
                        1666,
                        1680
                    ],
                    [
                        1663,
                        1677
                    ],
                    [
                        1658,
                        1676
                    ],
                    [
                        1649,
                        1677
                    ],
                    [
                        1643,
                        1672
                    ],
                    [
                        1641,
                        1666
                    ],
                    [
                        1635,
                        1663
                    ],
                    [
                        1623,
                        1666
                    ],
                    [
                        1612,
                        1668
                    ],
                    [
                        1595,
                        1666
                    ],
                    [
                        1580,
                        1661
                    ],
                    [
                        1568,
                        1658
                    ],
                    [
                        1559,
                        1653
                    ],
                    [
                        1549,
                        1649
                    ]
                ],
                "interior": []
            }
        },
        {
            "id": 496962536,
            "classId": 1656178,
            "description": "",
            "geometryType": "polygon",
            "labelerLogin": "trkkvsn0619",
            "createdAt": "2020-08-05T22:26:20.032Z",
            "updatedAt": "2020-08-05T22:37:47.389Z",
            "tags": [
                {
                    "id": 97472322,
                    "tagId": 28281834,
                    "name": "Cell_2",
                    "value": null,
                    "labelerLogin": "trkkvsn0619",
                    "createdAt": "2020-08-05T22:28:36.261Z",
                    "updatedAt": "2020-08-05T22:28:36.261Z"
                }
            ],
            "classTitle": "Cells",
            "points": {
                "exterior": [
                    [
                        467,
                        803
                    ],
                    [
                        462,
                        796
                    ],
                    [
                        447,
                        794
                    ],
                    [
                        429,
                        790
                    ],
                    [
                        424,
                        773
                    ],
                    [
                        427,
                        751
                    ],
                    [
                        433,
                        739
                    ],
                    [
                        440,
                        732
                    ],
                    [
                        450,
                        725
                    ],
                    [
                        456,
                        717
                    ],
                    [
                        463,
                        702
                    ],
                    [
                        470,
                        686
                    ],
                    [
                        474,
                        673
                    ],
                    [
                        483,
                        666
                    ],
                    [
                        492,
                        657
                    ],
                    [
                        501,
                        649
                    ],
                    [
                        512,
                        645
                    ],
                    [
                        528,
                        641
                    ],
                    [
                        542,
                        638
                    ],
                    [
                        556,
                        635
                    ],
                    [
                        573,
                        634
                    ],
                    [
                        587,
                        638
                    ],
                    [
                        597,
                        638
                    ],
                    [
                        613,
                        642
                    ],
                    [
                        625,
                        648
                    ],
                    [
                        637,
                        651
                    ],
                    [
                        639,
                        642
                    ],
                    [
                        648,
                        641
                    ],
                    [
                        656,
                        646
                    ],
                    [
                        658,
                        656
                    ],
                    [
                        658,
                        664
                    ],
                    [
                        664,
                        674
                    ],
                    [
                        673,
                        675
                    ],
                    [
                        683,
                        679
                    ],
                    [
                        685,
                        688
                    ],
                    [
                        687,
                        697
                    ],
                    [
                        690,
                        706
                    ],
                    [
                        697,
                        712
                    ],
                    [
                        706,
                        710
                    ],
                    [
                        714,
                        716
                    ],
                    [
                        720,
                        725
                    ],
                    [
                        715,
                        733
                    ],
                    [
                        705,
                        737
                    ],
                    [
                        703,
                        760
                    ],
                    [
                        706,
                        773
                    ],
                    [
                        706,
                        782
                    ],
                    [
                        713,
                        783
                    ],
                    [
                        720,
                        788
                    ],
                    [
                        719,
                        799
                    ],
                    [
                        717,
                        809
                    ],
                    [
                        707,
                        810
                    ],
                    [
                        694,
                        811
                    ],
                    [
                        686,
                        826
                    ],
                    [
                        680,
                        840
                    ],
                    [
                        670,
                        851
                    ],
                    [
                        662,
                        856
                    ],
                    [
                        653,
                        867
                    ],
                    [
                        643,
                        873
                    ],
                    [
                        634,
                        879
                    ],
                    [
                        625,
                        884
                    ],
                    [
                        611,
                        887
                    ],
                    [
                        603,
                        890
                    ],
                    [
                        597,
                        895
                    ],
                    [
                        591,
                        901
                    ],
                    [
                        583,
                        903
                    ],
                    [
                        572,
                        906
                    ],
                    [
                        564,
                        905
                    ],
                    [
                        555,
                        912
                    ],
                    [
                        552,
                        916
                    ],
                    [
                        542,
                        917
                    ],
                    [
                        536,
                        914
                    ],
                    [
                        533,
                        906
                    ],
                    [
                        531,
                        897
                    ],
                    [
                        525,
                        893
                    ],
                    [
                        519,
                        884
                    ],
                    [
                        512,
                        879
                    ],
                    [
                        505,
                        872
                    ],
                    [
                        498,
                        863
                    ],
                    [
                        487,
                        855
                    ],
                    [
                        488,
                        847
                    ],
                    [
                        481,
                        835
                    ],
                    [
                        475,
                        822
                    ],
                    [
                        470,
                        810
                    ]
                ],
                "interior": []
            }
        },
        {
            "id": 496962624,
            "classId": 1656178,
            "description": "",
            "geometryType": "polygon",
            "labelerLogin": "trkkvsn0619",
            "createdAt": "2020-08-05T22:29:00.192Z",
            "updatedAt": "2020-08-05T22:37:47.389Z",
            "tags": [
                {
                    "id": 97472357,
                    "tagId": 28281842,
                    "name": "Cell_8",
                    "value": null,
                    "labelerLogin": "trkkvsn0619",
                    "createdAt": "2020-08-05T22:30:22.382Z",
                    "updatedAt": "2020-08-05T22:30:22.382Z"
                }
            ],
            "classTitle": "Cells",
            "points": {
                "exterior": [
                    [
                        1562,
                        3
                    ],
                    [
                        1541,
                        16
                    ],
                    [
                        1525,
                        34
                    ],
                    [
                        1492,
                        48
                    ],
                    [
                        1482,
                        68
                    ],
                    [
                        1467,
                        87
                    ],
                    [
                        1466,
                        114
                    ],
                    [
                        1461,
                        130
                    ],
                    [
                        1464,
                        153
                    ],
                    [
                        1466,
                        182
                    ],
                    [
                        1449,
                        203
                    ],
                    [
                        1441,
                        221
                    ],
                    [
                        1453,
                        246
                    ],
                    [
                        1458,
                        265
                    ],
                    [
                        1467,
                        280
                    ],
                    [
                        1479,
                        298
                    ],
                    [
                        1500,
                        323
                    ],
                    [
                        1510,
                        344
                    ],
                    [
                        1533,
                        345
                    ],
                    [
                        1547,
                        360
                    ],
                    [
                        1564,
                        368
                    ],
                    [
                        1578,
                        376
                    ],
                    [
                        1601,
                        378
                    ],
                    [
                        1616,
                        376
                    ],
                    [
                        1629,
                        383
                    ],
                    [
                        1654,
                        394
                    ],
                    [
                        1689,
                        383
                    ],
                    [
                        1724,
                        378
                    ],
                    [
                        1745,
                        372
                    ],
                    [
                        1763,
                        363
                    ],
                    [
                        1783,
                        345
                    ],
                    [
                        1799,
                        331
                    ],
                    [
                        1810,
                        318
                    ],
                    [
                        1821,
                        305
                    ],
                    [
                        1830,
                        295
                    ],
                    [
                        1833,
                        277
                    ],
                    [
                        1837,
                        259
                    ],
                    [
                        1842,
                        241
                    ],
                    [
                        1847,
                        226
                    ],
                    [
                        1850,
                        211
                    ],
                    [
                        1857,
                        203
                    ],
                    [
                        1858,
                        191
                    ],
                    [
                        1855,
                        172
                    ],
                    [
                        1849,
                        163
                    ],
                    [
                        1851,
                        150
                    ],
                    [
                        1854,
                        137
                    ],
                    [
                        1857,
                        127
                    ],
                    [
                        1857,
                        119
                    ],
                    [
                        1856,
                        102
                    ],
                    [
                        1853,
                        88
                    ],
                    [
                        1853,
                        77
                    ],
                    [
                        1842,
                        73
                    ],
                    [
                        1833,
                        62
                    ],
                    [
                        1827,
                        45
                    ],
                    [
                        1818,
                        33
                    ],
                    [
                        1813,
                        21
                    ],
                    [
                        1799,
                        0
                    ]
                ],
                "interior": []
            }
        },
        {
            "id": 496962677,
            "classId": 1656178,
            "description": "",
            "geometryType": "polygon",
            "labelerLogin": "trkkvsn0619",
            "createdAt": "2020-08-05T22:30:32.525Z",
            "updatedAt": "2020-08-05T22:37:47.389Z",
            "tags": [
                {
                    "id": 97472363,
                    "tagId": 28281841,
                    "name": "Cell_7",
                    "value": null,
                    "labelerLogin": "trkkvsn0619",
                    "createdAt": "2020-08-05T22:33:07.170Z",
                    "updatedAt": "2020-08-05T22:33:07.170Z"
                }
            ],
            "classTitle": "Cells",
            "points": {
                "exterior": [
                    [
                        1581,
                        722
                    ],
                    [
                        1571,
                        712
                    ],
                    [
                        1560,
                        700
                    ],
                    [
                        1549,
                        695
                    ],
                    [
                        1536,
                        697
                    ],
                    [
                        1522,
                        703
                    ],
                    [
                        1513,
                        701
                    ],
                    [
                        1510,
                        685
                    ],
                    [
                        1510,
                        672
                    ],
                    [
                        1513,
                        657
                    ],
                    [
                        1509,
                        642
                    ],
                    [
                        1505,
                        626
                    ],
                    [
                        1508,
                        614
                    ],
                    [
                        1506,
                        601
                    ],
                    [
                        1507,
                        589
                    ],
                    [
                        1513,
                        582
                    ],
                    [
                        1528,
                        572
                    ],
                    [
                        1538,
                        570
                    ],
                    [
                        1548,
                        566
                    ],
                    [
                        1561,
                        567
                    ],
                    [
                        1576,
                        568
                    ],
                    [
                        1587,
                        565
                    ],
                    [
                        1591,
                        551
                    ],
                    [
                        1596,
                        543
                    ],
                    [
                        1603,
                        536
                    ],
                    [
                        1610,
                        529
                    ],
                    [
                        1613,
                        521
                    ],
                    [
                        1611,
                        512
                    ],
                    [
                        1616,
                        502
                    ],
                    [
                        1621,
                        499
                    ],
                    [
                        1633,
                        498
                    ],
                    [
                        1643,
                        502
                    ],
                    [
                        1654,
                        510
                    ],
                    [
                        1660,
                        515
                    ],
                    [
                        1667,
                        523
                    ],
                    [
                        1675,
                        531
                    ],
                    [
                        1687,
                        535
                    ],
                    [
                        1695,
                        534
                    ],
                    [
                        1703,
                        531
                    ],
                    [
                        1713,
                        527
                    ],
                    [
                        1719,
                        524
                    ],
                    [
                        1727,
                        533
                    ],
                    [
                        1732,
                        540
                    ],
                    [
                        1738,
                        547
                    ],
                    [
                        1747,
                        556
                    ],
                    [
                        1754,
                        569
                    ],
                    [
                        1762,
                        579
                    ],
                    [
                        1771,
                        594
                    ],
                    [
                        1774,
                        605
                    ],
                    [
                        1781,
                        608
                    ],
                    [
                        1789,
                        610
                    ],
                    [
                        1797,
                        606
                    ],
                    [
                        1805,
                        608
                    ],
                    [
                        1809,
                        613
                    ],
                    [
                        1806,
                        620
                    ],
                    [
                        1798,
                        625
                    ],
                    [
                        1787,
                        642
                    ],
                    [
                        1778,
                        657
                    ],
                    [
                        1770,
                        670
                    ],
                    [
                        1767,
                        681
                    ],
                    [
                        1763,
                        703
                    ],
                    [
                        1763,
                        716
                    ],
                    [
                        1764,
                        734
                    ],
                    [
                        1769,
                        746
                    ],
                    [
                        1778,
                        753
                    ],
                    [
                        1786,
                        755
                    ],
                    [
                        1794,
                        762
                    ],
                    [
                        1794,
                        775
                    ],
                    [
                        1794,
                        785
                    ],
                    [
                        1792,
                        795
                    ],
                    [
                        1785,
                        803
                    ],
                    [
                        1781,
                        813
                    ],
                    [
                        1780,
                        825
                    ],
                    [
                        1773,
                        826
                    ],
                    [
                        1761,
                        823
                    ],
                    [
                        1757,
                        820
                    ],
                    [
                        1749,
                        818
                    ],
                    [
                        1740,
                        822
                    ],
                    [
                        1728,
                        823
                    ],
                    [
                        1723,
                        828
                    ],
                    [
                        1718,
                        830
                    ],
                    [
                        1710,
                        828
                    ],
                    [
                        1704,
                        832
                    ],
                    [
                        1702,
                        836
                    ],
                    [
                        1697,
                        841
                    ],
                    [
                        1693,
                        849
                    ],
                    [
                        1687,
                        855
                    ],
                    [
                        1681,
                        858
                    ],
                    [
                        1671,
                        855
                    ],
                    [
                        1665,
                        851
                    ],
                    [
                        1660,
                        842
                    ],
                    [
                        1658,
                        836
                    ],
                    [
                        1646,
                        838
                    ],
                    [
                        1642,
                        839
                    ],
                    [
                        1633,
                        842
                    ],
                    [
                        1626,
                        844
                    ],
                    [
                        1617,
                        841
                    ],
                    [
                        1610,
                        839
                    ],
                    [
                        1604,
                        834
                    ],
                    [
                        1604,
                        822
                    ],
                    [
                        1605,
                        813
                    ],
                    [
                        1605,
                        804
                    ],
                    [
                        1610,
                        793
                    ],
                    [
                        1613,
                        785
                    ],
                    [
                        1615,
                        778
                    ],
                    [
                        1614,
                        766
                    ],
                    [
                        1605,
                        752
                    ],
                    [
                        1600,
                        743
                    ],
                    [
                        1597,
                        738
                    ],
                    [
                        1590,
                        728
                    ]
                ],
                "interior": []
            }
        },
        {
            "id": 496962708,
            "classId": 1656178,
            "description": "",
            "geometryType": "polygon",
            "labelerLogin": "trkkvsn0619",
            "createdAt": "2020-08-05T22:33:18.081Z",
            "updatedAt": "2020-08-05T22:37:47.389Z",
            "tags": [
                {
                    "id": 97472366,
                    "tagId": 28281843,
                    "name": "Cell_9",
                    "value": null,
                    "labelerLogin": "trkkvsn0619",
                    "createdAt": "2020-08-05T22:33:46.247Z",
                    "updatedAt": "2020-08-05T22:33:46.247Z"
                }
            ],
            "classTitle": "Cells",
            "points": {
                "exterior": [
                    [
                        2567,
                        962
                    ],
                    [
                        2552,
                        952
                    ],
                    [
                        2532,
                        936
                    ],
                    [
                        2521,
                        929
                    ],
                    [
                        2508,
                        917
                    ],
                    [
                        2501,
                        906
                    ],
                    [
                        2483,
                        904
                    ],
                    [
                        2468,
                        902
                    ],
                    [
                        2468,
                        873
                    ],
                    [
                        2467,
                        855
                    ],
                    [
                        2460,
                        837
                    ],
                    [
                        2455,
                        814
                    ],
                    [
                        2460,
                        803
                    ],
                    [
                        2463,
                        792
                    ],
                    [
                        2465,
                        780
                    ],
                    [
                        2461,
                        766
                    ],
                    [
                        2461,
                        746
                    ],
                    [
                        2468,
                        732
                    ],
                    [
                        2479,
                        724
                    ],
                    [
                        2489,
                        722
                    ],
                    [
                        2499,
                        718
                    ],
                    [
                        2517,
                        718
                    ],
                    [
                        2539,
                        710
                    ],
                    [
                        2567,
                        699
                    ]
                ],
                "interior": []
            }
        },
        {
            "id": 496962723,
            "classId": 1656178,
            "description": "",
            "geometryType": "polygon",
            "labelerLogin": "trkkvsn0619",
            "createdAt": "2020-08-05T22:34:00.497Z",
            "updatedAt": "2020-08-05T22:37:47.389Z",
            "tags": [
                {
                    "id": 97472385,
                    "tagId": 28281838,
                    "name": "Cell_4",
                    "value": null,
                    "labelerLogin": "trkkvsn0619",
                    "createdAt": "2020-08-05T22:36:23.205Z",
                    "updatedAt": "2020-08-05T22:36:23.205Z"
                }
            ],
            "classTitle": "Cells",
            "points": {
                "exterior": [
                    [
                        0,
                        671
                    ],
                    [
                        16,
                        667
                    ],
                    [
                        36,
                        664
                    ],
                    [
                        57,
                        665
                    ],
                    [
                        79,
                        664
                    ],
                    [
                        99,
                        670
                    ],
                    [
                        113,
                        679
                    ],
                    [
                        124,
                        687
                    ],
                    [
                        137,
                        701
                    ],
                    [
                        152,
                        709
                    ],
                    [
                        168,
                        723
                    ],
                    [
                        177,
                        715
                    ],
                    [
                        191,
                        715
                    ],
                    [
                        195,
                        725
                    ],
                    [
                        200,
                        735
                    ],
                    [
                        203,
                        746
                    ],
                    [
                        207,
                        756
                    ],
                    [
                        213,
                        766
                    ],
                    [
                        213,
                        782
                    ],
                    [
                        206,
                        795
                    ],
                    [
                        201,
                        806
                    ],
                    [
                        195,
                        816
                    ],
                    [
                        193,
                        828
                    ],
                    [
                        193,
                        839
                    ],
                    [
                        182,
                        848
                    ],
                    [
                        177,
                        855
                    ],
                    [
                        171,
                        867
                    ],
                    [
                        158,
                        879
                    ],
                    [
                        153,
                        887
                    ],
                    [
                        144,
                        895
                    ],
                    [
                        133,
                        895
                    ],
                    [
                        122,
                        892
                    ],
                    [
                        114,
                        890
                    ],
                    [
                        101,
                        895
                    ],
                    [
                        102,
                        909
                    ],
                    [
                        102,
                        927
                    ],
                    [
                        96,
                        933
                    ],
                    [
                        87,
                        938
                    ],
                    [
                        81,
                        942
                    ],
                    [
                        82,
                        952
                    ],
                    [
                        78,
                        962
                    ],
                    [
                        71,
                        967
                    ],
                    [
                        63,
                        972
                    ],
                    [
                        56,
                        974
                    ],
                    [
                        50,
                        976
                    ],
                    [
                        43,
                        970
                    ],
                    [
                        37,
                        961
                    ],
                    [
                        26,
                        950
                    ],
                    [
                        16,
                        946
                    ],
                    [
                        11,
                        943
                    ],
                    [
                        0,
                        941
                    ]
                ],
                "interior": []
            }
        },
        {
            "id": 496962777,
            "classId": 1656178,
            "description": "",
            "geometryType": "polygon",
            "labelerLogin": "trkkvsn0619",
            "createdAt": "2020-08-05T22:36:38.799Z",
            "updatedAt": "2020-08-10T14:38:50.209Z",
            "tags": [
                {
                    "id": 97472421,
                    "tagId": 28281830,
                    "name": "Cell_1",
                    "value": null,
                    "labelerLogin": "trkkvsn0619",
                    "createdAt": "2020-08-05T22:37:15.565Z",
                    "updatedAt": "2020-08-05T22:37:15.565Z"
                }
            ],
            "classTitle": "Cells",
            "points": {
                "exterior": [
                    [
                        51,
                        309
                    ],
                    [
                        43,
                        283
                    ],
                    [
                        36,
                        263
                    ],
                    [
                        37,
                        234
                    ],
                    [
                        37,
                        214
                    ],
                    [
                        46,
                        189
                    ],
                    [
                        60,
                        174
                    ],
                    [
                        82,
                        155
                    ],
                    [
                        107,
                        138
                    ],
                    [
                        140,
                        137
                    ],
                    [
                        166,
                        134
                    ],
                    [
                        185,
                        137
                    ],
                    [
                        206,
                        145
                    ],
                    [
                        222,
                        156
                    ],
                    [
                        236,
                        170
                    ],
                    [
                        243,
                        183
                    ],
                    [
                        255,
                        207
                    ],
                    [
                        261,
                        232
                    ],
                    [
                        259,
                        250
                    ],
                    [
                        253,
                        283
                    ],
                    [
                        246,
                        306
                    ],
                    [
                        234,
                        323
                    ],
                    [
                        222,
                        334
                    ],
                    [
                        209,
                        340
                    ],
                    [
                        191,
                        346
                    ],
                    [
                        184,
                        356
                    ],
                    [
                        165,
                        366
                    ],
                    [
                        145,
                        365
                    ],
                    [
                        123,
                        363
                    ],
                    [
                        105,
                        356
                    ],
                    [
                        94,
                        352
                    ],
                    [
                        80,
                        346
                    ],
                    [
                        69,
                        334
                    ],
                    [
                        59,
                        320
                    ]
                ],
                "interior": []
            }
        },
        {
            "id": 496962835,
            "classId": 1656178,
            "description": "",
            "geometryType": "polygon",
            "labelerLogin": "trkkvsn0619",
            "createdAt": "2020-08-05T22:37:46.794Z",
            "updatedAt": "2020-08-05T22:38:48.623Z",
            "tags": [
                {
                    "id": 97472433,
                    "tagId": 28281835,
                    "name": "Cell_3",
                    "value": null,
                    "labelerLogin": "trkkvsn0619",
                    "createdAt": "2020-08-05T22:38:57.475Z",
                    "updatedAt": "2020-08-05T22:38:57.475Z"
                }
            ],
            "classTitle": "Cells",
            "points": {
                "exterior": [
                    [
                        1,
                        670
                    ],
                    [
                        11,
                        668
                    ],
                    [
                        28,
                        665
                    ],
                    [
                        40,
                        664
                    ],
                    [
                        55,
                        665
                    ],
                    [
                        75,
                        663
                    ],
                    [
                        89,
                        668
                    ],
                    [
                        99,
                        674
                    ],
                    [
                        114,
                        682
                    ],
                    [
                        126,
                        689
                    ],
                    [
                        137,
                        702
                    ],
                    [
                        145,
                        701
                    ],
                    [
                        149,
                        689
                    ],
                    [
                        158,
                        679
                    ],
                    [
                        165,
                        674
                    ],
                    [
                        172,
                        665
                    ],
                    [
                        180,
                        652
                    ],
                    [
                        184,
                        644
                    ],
                    [
                        187,
                        626
                    ],
                    [
                        191,
                        614
                    ],
                    [
                        197,
                        598
                    ],
                    [
                        200,
                        584
                    ],
                    [
                        203,
                        571
                    ],
                    [
                        205,
                        557
                    ],
                    [
                        210,
                        550
                    ],
                    [
                        216,
                        540
                    ],
                    [
                        220,
                        527
                    ],
                    [
                        231,
                        519
                    ],
                    [
                        235,
                        511
                    ],
                    [
                        233,
                        504
                    ],
                    [
                        230,
                        497
                    ],
                    [
                        220,
                        495
                    ],
                    [
                        212,
                        492
                    ],
                    [
                        210,
                        482
                    ],
                    [
                        213,
                        471
                    ],
                    [
                        213,
                        458
                    ],
                    [
                        214,
                        452
                    ],
                    [
                        210,
                        444
                    ],
                    [
                        205,
                        439
                    ],
                    [
                        197,
                        435
                    ],
                    [
                        188,
                        432
                    ],
                    [
                        182,
                        434
                    ],
                    [
                        176,
                        433
                    ],
                    [
                        173,
                        421
                    ],
                    [
                        171,
                        410
                    ],
                    [
                        165,
                        409
                    ],
                    [
                        154,
                        409
                    ],
                    [
                        148,
                        410
                    ],
                    [
                        138,
                        410
                    ],
                    [
                        128,
                        409
                    ],
                    [
                        121,
                        406
                    ],
                    [
                        117,
                        398
                    ],
                    [
                        112,
                        389
                    ],
                    [
                        107,
                        384
                    ],
                    [
                        100,
                        383
                    ],
                    [
                        91,
                        382
                    ],
                    [
                        83,
                        384
                    ],
                    [
                        76,
                        388
                    ],
                    [
                        69,
                        391
                    ],
                    [
                        62,
                        394
                    ],
                    [
                        57,
                        395
                    ],
                    [
                        52,
                        391
                    ],
                    [
                        46,
                        391
                    ],
                    [
                        38,
                        395
                    ],
                    [
                        34,
                        397
                    ],
                    [
                        29,
                        401
                    ],
                    [
                        22,
                        404
                    ],
                    [
                        17,
                        405
                    ],
                    [
                        11,
                        406
                    ],
                    [
                        0,
                        413
                    ]
                ],
                "interior": []
            }
        }
    ]
}