{
    "description": "",
    "tags": [
        {
            "id": 85792146,
            "tagId": 28285212,
            "name": "Frame",
            "value": 75,
            "labelerLogin": "trkkvsn0619",
            "createdAt": "2020-08-09T19:11:24.830Z",
            "updatedAt": "2020-08-09T19:11:24.830Z"
        }
    ],
    "size": {
        "height": 1912,
        "width": 2568
    },
    "objects": [
        {
            "id": 496980051,
            "classId": 1656178,
            "description": "",
            "geometryType": "polygon",
            "labelerLogin": "trkkvsn0619",
            "createdAt": "2020-08-06T01:17:39.609Z",
            "updatedAt": "2020-08-06T01:30:26.754Z",
            "tags": [
                {
                    "id": 97473116,
                    "tagId": 28281839,
                    "name": "Cell_5",
                    "value": null,
                    "labelerLogin": "trkkvsn0619",
                    "createdAt": "2020-08-06T01:32:51.465Z",
                    "updatedAt": "2020-08-06T01:32:51.465Z"
                }
            ],
            "classTitle": "Cells",
            "points": {
                "exterior": [
                    [
                        593,
                        1611
                    ],
                    [
                        586,
                        1597
                    ],
                    [
                        579,
                        1576
                    ],
                    [
                        580,
                        1555
                    ],
                    [
                        576,
                        1518
                    ],
                    [
                        578,
                        1496
                    ],
                    [
                        586,
                        1483
                    ],
                    [
                        595,
                        1472
                    ],
                    [
                        615,
                        1459
                    ],
                    [
                        634,
                        1441
                    ],
                    [
                        637,
                        1429
                    ],
                    [
                        641,
                        1419
                    ],
                    [
                        650,
                        1412
                    ],
                    [
                        659,
                        1410
                    ],
                    [
                        667,
                        1416
                    ],
                    [
                        671,
                        1423
                    ],
                    [
                        684,
                        1416
                    ],
                    [
                        686,
                        1391
                    ],
                    [
                        702,
                        1361
                    ],
                    [
                        720,
                        1342
                    ],
                    [
                        739,
                        1336
                    ],
                    [
                        765,
                        1331
                    ],
                    [
                        787,
                        1327
                    ],
                    [
                        802,
                        1327
                    ],
                    [
                        822,
                        1322
                    ],
                    [
                        839,
                        1331
                    ],
                    [
                        857,
                        1337
                    ],
                    [
                        873,
                        1346
                    ],
                    [
                        892,
                        1352
                    ],
                    [
                        922,
                        1361
                    ],
                    [
                        941,
                        1362
                    ],
                    [
                        961,
                        1356
                    ],
                    [
                        981,
                        1355
                    ],
                    [
                        1001,
                        1364
                    ],
                    [
                        1017,
                        1374
                    ],
                    [
                        1033,
                        1388
                    ],
                    [
                        1042,
                        1404
                    ],
                    [
                        1047,
                        1423
                    ],
                    [
                        1055,
                        1437
                    ],
                    [
                        1072,
                        1437
                    ],
                    [
                        1088,
                        1439
                    ],
                    [
                        1108,
                        1449
                    ],
                    [
                        1120,
                        1461
                    ],
                    [
                        1131,
                        1477
                    ],
                    [
                        1140,
                        1490
                    ],
                    [
                        1142,
                        1509
                    ],
                    [
                        1146,
                        1526
                    ],
                    [
                        1153,
                        1546
                    ],
                    [
                        1164,
                        1561
                    ],
                    [
                        1169,
                        1580
                    ],
                    [
                        1158,
                        1595
                    ],
                    [
                        1150,
                        1612
                    ],
                    [
                        1140,
                        1626
                    ],
                    [
                        1132,
                        1640
                    ],
                    [
                        1125,
                        1651
                    ],
                    [
                        1119,
                        1671
                    ],
                    [
                        1107,
                        1683
                    ],
                    [
                        1099,
                        1693
                    ],
                    [
                        1086,
                        1704
                    ],
                    [
                        1071,
                        1719
                    ],
                    [
                        1059,
                        1714
                    ],
                    [
                        1045,
                        1723
                    ],
                    [
                        1036,
                        1737
                    ],
                    [
                        1026,
                        1755
                    ],
                    [
                        1015,
                        1763
                    ],
                    [
                        995,
                        1769
                    ],
                    [
                        969,
                        1762
                    ],
                    [
                        936,
                        1745
                    ],
                    [
                        915,
                        1729
                    ],
                    [
                        902,
                        1709
                    ],
                    [
                        890,
                        1688
                    ],
                    [
                        879,
                        1678
                    ],
                    [
                        858,
                        1664
                    ],
                    [
                        832,
                        1655
                    ],
                    [
                        790,
                        1639
                    ],
                    [
                        773,
                        1632
                    ],
                    [
                        750,
                        1623
                    ],
                    [
                        724,
                        1616
                    ],
                    [
                        693,
                        1611
                    ],
                    [
                        672,
                        1610
                    ],
                    [
                        654,
                        1610
                    ],
                    [
                        650,
                        1620
                    ],
                    [
                        649,
                        1634
                    ],
                    [
                        635,
                        1642
                    ],
                    [
                        616,
                        1638
                    ],
                    [
                        603,
                        1629
                    ]
                ],
                "interior": []
            }
        },
        {
            "id": 496980069,
            "classId": 1656178,
            "description": "",
            "geometryType": "polygon",
            "labelerLogin": "trkkvsn0619",
            "createdAt": "2020-08-06T01:19:28.812Z",
            "updatedAt": "2020-08-06T01:30:26.754Z",
            "tags": [
                {
                    "id": 97473113,
                    "tagId": 28281834,
                    "name": "Cell_2",
                    "value": null,
                    "labelerLogin": "trkkvsn0619",
                    "createdAt": "2020-08-06T01:32:43.388Z",
                    "updatedAt": "2020-08-06T01:32:43.388Z"
                }
            ],
            "classTitle": "Cells",
            "points": {
                "exterior": [
                    [
                        448,
                        858
                    ],
                    [
                        433,
                        841
                    ],
                    [
                        413,
                        835
                    ],
                    [
                        398,
                        815
                    ],
                    [
                        398,
                        790
                    ],
                    [
                        400,
                        771
                    ],
                    [
                        380,
                        765
                    ],
                    [
                        359,
                        758
                    ],
                    [
                        347,
                        749
                    ],
                    [
                        347,
                        722
                    ],
                    [
                        357,
                        710
                    ],
                    [
                        357,
                        695
                    ],
                    [
                        349,
                        674
                    ],
                    [
                        358,
                        661
                    ],
                    [
                        383,
                        647
                    ],
                    [
                        395,
                        641
                    ],
                    [
                        407,
                        625
                    ],
                    [
                        421,
                        623
                    ],
                    [
                        440,
                        629
                    ],
                    [
                        457,
                        623
                    ],
                    [
                        467,
                        615
                    ],
                    [
                        486,
                        607
                    ],
                    [
                        499,
                        603
                    ],
                    [
                        505,
                        590
                    ],
                    [
                        520,
                        581
                    ],
                    [
                        531,
                        581
                    ],
                    [
                        546,
                        571
                    ],
                    [
                        564,
                        571
                    ],
                    [
                        574,
                        584
                    ],
                    [
                        581,
                        586
                    ],
                    [
                        584,
                        609
                    ],
                    [
                        600,
                        617
                    ],
                    [
                        625,
                        612
                    ],
                    [
                        645,
                        620
                    ],
                    [
                        667,
                        631
                    ],
                    [
                        682,
                        647
                    ],
                    [
                        697,
                        666
                    ],
                    [
                        711,
                        678
                    ],
                    [
                        716,
                        694
                    ],
                    [
                        726,
                        703
                    ],
                    [
                        736,
                        710
                    ],
                    [
                        737,
                        726
                    ],
                    [
                        743,
                        743
                    ],
                    [
                        739,
                        757
                    ],
                    [
                        736,
                        774
                    ],
                    [
                        742,
                        785
                    ],
                    [
                        743,
                        800
                    ],
                    [
                        743,
                        815
                    ],
                    [
                        749,
                        829
                    ],
                    [
                        743,
                        840
                    ],
                    [
                        737,
                        851
                    ],
                    [
                        723,
                        852
                    ],
                    [
                        712,
                        845
                    ],
                    [
                        699,
                        833
                    ],
                    [
                        688,
                        841
                    ],
                    [
                        679,
                        849
                    ],
                    [
                        661,
                        859
                    ],
                    [
                        648,
                        868
                    ],
                    [
                        635,
                        880
                    ],
                    [
                        627,
                        892
                    ],
                    [
                        614,
                        907
                    ],
                    [
                        607,
                        920
                    ],
                    [
                        599,
                        925
                    ],
                    [
                        590,
                        939
                    ],
                    [
                        582,
                        942
                    ],
                    [
                        571,
                        957
                    ],
                    [
                        567,
                        963
                    ],
                    [
                        557,
                        962
                    ],
                    [
                        547,
                        969
                    ],
                    [
                        538,
                        975
                    ],
                    [
                        519,
                        983
                    ],
                    [
                        506,
                        978
                    ],
                    [
                        502,
                        968
                    ],
                    [
                        500,
                        959
                    ],
                    [
                        489,
                        957
                    ],
                    [
                        481,
                        952
                    ],
                    [
                        469,
                        937
                    ],
                    [
                        465,
                        924
                    ],
                    [
                        469,
                        901
                    ],
                    [
                        473,
                        886
                    ],
                    [
                        467,
                        875
                    ],
                    [
                        462,
                        869
                    ]
                ],
                "interior": []
            }
        },
        {
            "id": 496980087,
            "classId": 1656178,
            "description": "",
            "geometryType": "polygon",
            "labelerLogin": "trkkvsn0619",
            "createdAt": "2020-08-06T01:21:14.391Z",
            "updatedAt": "2020-08-06T01:30:26.754Z",
            "tags": [
                {
                    "id": 97473117,
                    "tagId": 28281840,
                    "name": "Cell_6",
                    "value": null,
                    "labelerLogin": "trkkvsn0619",
                    "createdAt": "2020-08-06T01:32:53.904Z",
                    "updatedAt": "2020-08-06T01:32:53.904Z"
                }
            ],
            "classTitle": "Cells",
            "points": {
                "exterior": [
                    [
                        1650,
                        1686
                    ],
                    [
                        1644,
                        1682
                    ],
                    [
                        1621,
                        1671
                    ],
                    [
                        1602,
                        1663
                    ],
                    [
                        1577,
                        1661
                    ],
                    [
                        1556,
                        1658
                    ],
                    [
                        1539,
                        1659
                    ],
                    [
                        1533,
                        1666
                    ],
                    [
                        1526,
                        1674
                    ],
                    [
                        1511,
                        1681
                    ],
                    [
                        1498,
                        1679
                    ],
                    [
                        1488,
                        1679
                    ],
                    [
                        1478,
                        1673
                    ],
                    [
                        1464,
                        1665
                    ],
                    [
                        1456,
                        1657
                    ],
                    [
                        1443,
                        1654
                    ],
                    [
                        1429,
                        1655
                    ],
                    [
                        1427,
                        1644
                    ],
                    [
                        1427,
                        1632
                    ],
                    [
                        1415,
                        1630
                    ],
                    [
                        1408,
                        1625
                    ],
                    [
                        1402,
                        1617
                    ],
                    [
                        1394,
                        1610
                    ],
                    [
                        1393,
                        1597
                    ],
                    [
                        1392,
                        1580
                    ],
                    [
                        1395,
                        1572
                    ],
                    [
                        1395,
                        1553
                    ],
                    [
                        1399,
                        1540
                    ],
                    [
                        1404,
                        1526
                    ],
                    [
                        1417,
                        1519
                    ],
                    [
                        1427,
                        1510
                    ],
                    [
                        1444,
                        1505
                    ],
                    [
                        1462,
                        1503
                    ],
                    [
                        1472,
                        1511
                    ],
                    [
                        1484,
                        1506
                    ],
                    [
                        1495,
                        1499
                    ],
                    [
                        1501,
                        1491
                    ],
                    [
                        1507,
                        1483
                    ],
                    [
                        1522,
                        1484
                    ],
                    [
                        1528,
                        1490
                    ],
                    [
                        1537,
                        1499
                    ],
                    [
                        1554,
                        1506
                    ],
                    [
                        1567,
                        1505
                    ],
                    [
                        1579,
                        1508
                    ],
                    [
                        1592,
                        1509
                    ],
                    [
                        1604,
                        1508
                    ],
                    [
                        1620,
                        1507
                    ],
                    [
                        1642,
                        1506
                    ],
                    [
                        1664,
                        1506
                    ],
                    [
                        1682,
                        1503
                    ],
                    [
                        1700,
                        1503
                    ],
                    [
                        1716,
                        1499
                    ],
                    [
                        1728,
                        1491
                    ],
                    [
                        1737,
                        1480
                    ],
                    [
                        1742,
                        1471
                    ],
                    [
                        1754,
                        1467
                    ],
                    [
                        1764,
                        1471
                    ],
                    [
                        1773,
                        1473
                    ],
                    [
                        1782,
                        1470
                    ],
                    [
                        1796,
                        1469
                    ],
                    [
                        1807,
                        1475
                    ],
                    [
                        1809,
                        1490
                    ],
                    [
                        1809,
                        1498
                    ],
                    [
                        1809,
                        1505
                    ],
                    [
                        1814,
                        1514
                    ],
                    [
                        1817,
                        1526
                    ],
                    [
                        1817,
                        1534
                    ],
                    [
                        1816,
                        1545
                    ],
                    [
                        1808,
                        1548
                    ],
                    [
                        1800,
                        1541
                    ],
                    [
                        1793,
                        1543
                    ],
                    [
                        1790,
                        1550
                    ],
                    [
                        1790,
                        1560
                    ],
                    [
                        1786,
                        1569
                    ],
                    [
                        1775,
                        1574
                    ],
                    [
                        1768,
                        1565
                    ],
                    [
                        1756,
                        1563
                    ],
                    [
                        1741,
                        1574
                    ],
                    [
                        1730,
                        1588
                    ],
                    [
                        1726,
                        1602
                    ],
                    [
                        1725,
                        1618
                    ],
                    [
                        1733,
                        1627
                    ],
                    [
                        1738,
                        1640
                    ],
                    [
                        1743,
                        1651
                    ],
                    [
                        1749,
                        1662
                    ],
                    [
                        1755,
                        1671
                    ],
                    [
                        1760,
                        1678
                    ],
                    [
                        1758,
                        1687
                    ],
                    [
                        1750,
                        1693
                    ],
                    [
                        1739,
                        1698
                    ],
                    [
                        1730,
                        1694
                    ],
                    [
                        1724,
                        1689
                    ],
                    [
                        1717,
                        1691
                    ],
                    [
                        1711,
                        1695
                    ],
                    [
                        1711,
                        1705
                    ],
                    [
                        1706,
                        1714
                    ],
                    [
                        1699,
                        1721
                    ],
                    [
                        1690,
                        1722
                    ],
                    [
                        1681,
                        1726
                    ],
                    [
                        1670,
                        1722
                    ],
                    [
                        1665,
                        1715
                    ],
                    [
                        1665,
                        1706
                    ],
                    [
                        1661,
                        1697
                    ],
                    [
                        1657,
                        1692
                    ]
                ],
                "interior": []
            }
        },
        {
            "id": 496980154,
            "classId": 1656178,
            "description": "",
            "geometryType": "polygon",
            "labelerLogin": "trkkvsn0619",
            "createdAt": "2020-08-06T01:23:06.876Z",
            "updatedAt": "2020-08-06T01:30:26.754Z",
            "tags": [
                {
                    "id": 97473120,
                    "tagId": 28281843,
                    "name": "Cell_9",
                    "value": null,
                    "labelerLogin": "trkkvsn0619",
                    "createdAt": "2020-08-06T01:33:01.068Z",
                    "updatedAt": "2020-08-06T01:33:01.068Z"
                }
            ],
            "classTitle": "Cells",
            "points": {
                "exterior": [
                    [
                        2567,
                        896
                    ],
                    [
                        2555,
                        888
                    ],
                    [
                        2534,
                        874
                    ],
                    [
                        2520,
                        864
                    ],
                    [
                        2496,
                        862
                    ],
                    [
                        2474,
                        868
                    ],
                    [
                        2454,
                        871
                    ],
                    [
                        2434,
                        876
                    ],
                    [
                        2421,
                        881
                    ],
                    [
                        2409,
                        875
                    ],
                    [
                        2397,
                        863
                    ],
                    [
                        2384,
                        856
                    ],
                    [
                        2376,
                        846
                    ],
                    [
                        2371,
                        830
                    ],
                    [
                        2357,
                        830
                    ],
                    [
                        2350,
                        826
                    ],
                    [
                        2351,
                        813
                    ],
                    [
                        2356,
                        801
                    ],
                    [
                        2357,
                        786
                    ],
                    [
                        2364,
                        775
                    ],
                    [
                        2375,
                        763
                    ],
                    [
                        2374,
                        745
                    ],
                    [
                        2368,
                        734
                    ],
                    [
                        2362,
                        727
                    ],
                    [
                        2357,
                        719
                    ],
                    [
                        2357,
                        710
                    ],
                    [
                        2362,
                        700
                    ],
                    [
                        2370,
                        693
                    ],
                    [
                        2377,
                        689
                    ],
                    [
                        2384,
                        685
                    ],
                    [
                        2394,
                        689
                    ],
                    [
                        2400,
                        695
                    ],
                    [
                        2408,
                        699
                    ],
                    [
                        2424,
                        703
                    ],
                    [
                        2440,
                        709
                    ],
                    [
                        2456,
                        711
                    ],
                    [
                        2471,
                        713
                    ],
                    [
                        2482,
                        709
                    ],
                    [
                        2490,
                        699
                    ],
                    [
                        2507,
                        703
                    ],
                    [
                        2520,
                        708
                    ],
                    [
                        2531,
                        712
                    ],
                    [
                        2550,
                        719
                    ],
                    [
                        2562,
                        722
                    ],
                    [
                        2567,
                        726
                    ]
                ],
                "interior": []
            }
        },
        {
            "id": 496980169,
            "classId": 1656178,
            "description": "",
            "geometryType": "polygon",
            "labelerLogin": "trkkvsn0619",
            "createdAt": "2020-08-06T01:24:06.163Z",
            "updatedAt": "2020-08-06T01:30:26.754Z",
            "tags": [
                {
                    "id": 97473115,
                    "tagId": 28281838,
                    "name": "Cell_4",
                    "value": null,
                    "labelerLogin": "trkkvsn0619",
                    "createdAt": "2020-08-06T01:32:48.218Z",
                    "updatedAt": "2020-08-06T01:32:48.218Z"
                }
            ],
            "classTitle": "Cells",
            "points": {
                "exterior": [
                    [
                        1,
                        759
                    ],
                    [
                        25,
                        758
                    ],
                    [
                        37,
                        755
                    ],
                    [
                        64,
                        754
                    ],
                    [
                        93,
                        748
                    ],
                    [
                        129,
                        742
                    ],
                    [
                        153,
                        731
                    ],
                    [
                        182,
                        710
                    ],
                    [
                        200,
                        700
                    ],
                    [
                        222,
                        694
                    ],
                    [
                        243,
                        688
                    ],
                    [
                        265,
                        689
                    ],
                    [
                        282,
                        692
                    ],
                    [
                        296,
                        703
                    ],
                    [
                        292,
                        726
                    ],
                    [
                        292,
                        746
                    ],
                    [
                        288,
                        760
                    ],
                    [
                        279,
                        772
                    ],
                    [
                        267,
                        779
                    ],
                    [
                        256,
                        788
                    ],
                    [
                        256,
                        801
                    ],
                    [
                        249,
                        810
                    ],
                    [
                        243,
                        817
                    ],
                    [
                        236,
                        829
                    ],
                    [
                        230,
                        840
                    ],
                    [
                        219,
                        851
                    ],
                    [
                        201,
                        860
                    ],
                    [
                        191,
                        875
                    ],
                    [
                        192,
                        882
                    ],
                    [
                        191,
                        894
                    ],
                    [
                        177,
                        897
                    ],
                    [
                        173,
                        894
                    ],
                    [
                        168,
                        905
                    ],
                    [
                        164,
                        910
                    ],
                    [
                        159,
                        915
                    ],
                    [
                        149,
                        921
                    ],
                    [
                        137,
                        925
                    ],
                    [
                        128,
                        927
                    ],
                    [
                        123,
                        935
                    ],
                    [
                        123,
                        947
                    ],
                    [
                        117,
                        956
                    ],
                    [
                        102,
                        964
                    ],
                    [
                        84,
                        971
                    ],
                    [
                        69,
                        971
                    ],
                    [
                        49,
                        974
                    ],
                    [
                        41,
                        973
                    ],
                    [
                        32,
                        969
                    ],
                    [
                        16,
                        964
                    ],
                    [
                        0,
                        959
                    ]
                ],
                "interior": []
            }
        },
        {
            "id": 496980188,
            "classId": 1656178,
            "description": "",
            "geometryType": "polygon",
            "labelerLogin": "trkkvsn0619",
            "createdAt": "2020-08-06T01:24:57.661Z",
            "updatedAt": "2020-08-06T01:30:26.754Z",
            "tags": [
                {
                    "id": 97473114,
                    "tagId": 28281835,
                    "name": "Cell_3",
                    "value": null,
                    "labelerLogin": "trkkvsn0619",
                    "createdAt": "2020-08-06T01:32:46.016Z",
                    "updatedAt": "2020-08-06T01:32:46.016Z"
                }
            ],
            "classTitle": "Cells",
            "points": {
                "exterior": [
                    [
                        0,
                        464
                    ],
                    [
                        20,
                        454
                    ],
                    [
                        51,
                        454
                    ],
                    [
                        70,
                        461
                    ],
                    [
                        93,
                        449
                    ],
                    [
                        110,
                        435
                    ],
                    [
                        125,
                        423
                    ],
                    [
                        141,
                        416
                    ],
                    [
                        160,
                        416
                    ],
                    [
                        176,
                        421
                    ],
                    [
                        189,
                        433
                    ],
                    [
                        205,
                        445
                    ],
                    [
                        226,
                        452
                    ],
                    [
                        241,
                        454
                    ],
                    [
                        252,
                        466
                    ],
                    [
                        257,
                        481
                    ],
                    [
                        275,
                        489
                    ],
                    [
                        286,
                        492
                    ],
                    [
                        306,
                        496
                    ],
                    [
                        319,
                        495
                    ],
                    [
                        337,
                        501
                    ],
                    [
                        338,
                        512
                    ],
                    [
                        344,
                        524
                    ],
                    [
                        348,
                        539
                    ],
                    [
                        345,
                        547
                    ],
                    [
                        337,
                        555
                    ],
                    [
                        330,
                        561
                    ],
                    [
                        322,
                        565
                    ],
                    [
                        315,
                        561
                    ],
                    [
                        309,
                        561
                    ],
                    [
                        299,
                        568
                    ],
                    [
                        287,
                        574
                    ],
                    [
                        284,
                        583
                    ],
                    [
                        286,
                        597
                    ],
                    [
                        286,
                        608
                    ],
                    [
                        290,
                        617
                    ],
                    [
                        293,
                        629
                    ],
                    [
                        294,
                        638
                    ],
                    [
                        290,
                        650
                    ],
                    [
                        284,
                        656
                    ],
                    [
                        273,
                        668
                    ],
                    [
                        259,
                        677
                    ],
                    [
                        249,
                        686
                    ],
                    [
                        242,
                        689
                    ],
                    [
                        230,
                        692
                    ],
                    [
                        214,
                        697
                    ],
                    [
                        203,
                        701
                    ],
                    [
                        193,
                        704
                    ],
                    [
                        179,
                        711
                    ],
                    [
                        169,
                        718
                    ],
                    [
                        150,
                        726
                    ],
                    [
                        136,
                        732
                    ],
                    [
                        118,
                        734
                    ],
                    [
                        102,
                        741
                    ],
                    [
                        93,
                        741
                    ],
                    [
                        79,
                        744
                    ],
                    [
                        66,
                        747
                    ],
                    [
                        51,
                        747
                    ],
                    [
                        32,
                        749
                    ],
                    [
                        22,
                        749
                    ],
                    [
                        12,
                        749
                    ],
                    [
                        1,
                        748
                    ]
                ],
                "interior": []
            }
        },
        {
            "id": 496980204,
            "classId": 1656178,
            "description": "",
            "geometryType": "polygon",
            "labelerLogin": "trkkvsn0619",
            "createdAt": "2020-08-06T01:26:28.375Z",
            "updatedAt": "2020-08-06T01:30:26.754Z",
            "tags": [
                {
                    "id": 97473112,
                    "tagId": 28281830,
                    "name": "Cell_1",
                    "value": null,
                    "labelerLogin": "trkkvsn0619",
                    "createdAt": "2020-08-06T01:32:40.269Z",
                    "updatedAt": "2020-08-06T01:32:40.269Z"
                }
            ],
            "classTitle": "Cells",
            "points": {
                "exterior": [
                    [
                        0,
                        144
                    ],
                    [
                        22,
                        140
                    ],
                    [
                        42,
                        144
                    ],
                    [
                        67,
                        151
                    ],
                    [
                        90,
                        171
                    ],
                    [
                        131,
                        179
                    ],
                    [
                        160,
                        173
                    ],
                    [
                        191,
                        176
                    ],
                    [
                        209,
                        182
                    ],
                    [
                        221,
                        186
                    ],
                    [
                        236,
                        199
                    ],
                    [
                        251,
                        220
                    ],
                    [
                        260,
                        242
                    ],
                    [
                        273,
                        265
                    ],
                    [
                        278,
                        288
                    ],
                    [
                        273,
                        309
                    ],
                    [
                        267,
                        324
                    ],
                    [
                        252,
                        348
                    ],
                    [
                        235,
                        362
                    ],
                    [
                        199,
                        375
                    ],
                    [
                        169,
                        382
                    ],
                    [
                        169,
                        382
                    ],
                    [
                        133,
                        379
                    ],
                    [
                        102,
                        365
                    ],
                    [
                        88,
                        343
                    ],
                    [
                        75,
                        324
                    ],
                    [
                        66,
                        301
                    ],
                    [
                        51,
                        312
                    ],
                    [
                        28,
                        321
                    ],
                    [
                        14,
                        329
                    ],
                    [
                        0,
                        330
                    ]
                ],
                "interior": []
            }
        },
        {
            "id": 496980220,
            "classId": 1656178,
            "description": "",
            "geometryType": "polygon",
            "labelerLogin": "trkkvsn0619",
            "createdAt": "2020-08-06T01:27:54.089Z",
            "updatedAt": "2020-08-06T01:30:26.754Z",
            "tags": [
                {
                    "id": 97473118,
                    "tagId": 28281841,
                    "name": "Cell_7",
                    "value": null,
                    "labelerLogin": "trkkvsn0619",
                    "createdAt": "2020-08-06T01:32:56.570Z",
                    "updatedAt": "2020-08-06T01:32:56.570Z"
                }
            ],
            "classTitle": "Cells",
            "points": {
                "exterior": [
                    [
                        1366,
                        654
                    ],
                    [
                        1360,
                        649
                    ],
                    [
                        1367,
                        632
                    ],
                    [
                        1384,
                        620
                    ],
                    [
                        1398,
                        606
                    ],
                    [
                        1407,
                        582
                    ],
                    [
                        1417,
                        567
                    ],
                    [
                        1431,
                        558
                    ],
                    [
                        1453,
                        550
                    ],
                    [
                        1471,
                        544
                    ],
                    [
                        1489,
                        552
                    ],
                    [
                        1507,
                        551
                    ],
                    [
                        1520,
                        543
                    ],
                    [
                        1534,
                        532
                    ],
                    [
                        1542,
                        518
                    ],
                    [
                        1530,
                        513
                    ],
                    [
                        1521,
                        505
                    ],
                    [
                        1527,
                        490
                    ],
                    [
                        1535,
                        484
                    ],
                    [
                        1536,
                        470
                    ],
                    [
                        1552,
                        463
                    ],
                    [
                        1570,
                        457
                    ],
                    [
                        1582,
                        456
                    ],
                    [
                        1598,
                        458
                    ],
                    [
                        1616,
                        463
                    ],
                    [
                        1634,
                        478
                    ],
                    [
                        1641,
                        490
                    ],
                    [
                        1655,
                        494
                    ],
                    [
                        1670,
                        485
                    ],
                    [
                        1694,
                        462
                    ],
                    [
                        1713,
                        460
                    ],
                    [
                        1727,
                        466
                    ],
                    [
                        1744,
                        476
                    ],
                    [
                        1754,
                        474
                    ],
                    [
                        1774,
                        469
                    ],
                    [
                        1789,
                        469
                    ],
                    [
                        1807,
                        474
                    ],
                    [
                        1817,
                        479
                    ],
                    [
                        1833,
                        481
                    ],
                    [
                        1846,
                        490
                    ],
                    [
                        1859,
                        492
                    ],
                    [
                        1873,
                        503
                    ],
                    [
                        1874,
                        511
                    ],
                    [
                        1871,
                        522
                    ],
                    [
                        1857,
                        524
                    ],
                    [
                        1852,
                        531
                    ],
                    [
                        1858,
                        539
                    ],
                    [
                        1867,
                        548
                    ],
                    [
                        1878,
                        553
                    ],
                    [
                        1888,
                        563
                    ],
                    [
                        1893,
                        574
                    ],
                    [
                        1895,
                        582
                    ],
                    [
                        1897,
                        595
                    ],
                    [
                        1900,
                        610
                    ],
                    [
                        1905,
                        620
                    ],
                    [
                        1916,
                        625
                    ],
                    [
                        1916,
                        636
                    ],
                    [
                        1911,
                        643
                    ],
                    [
                        1905,
                        650
                    ],
                    [
                        1901,
                        657
                    ],
                    [
                        1889,
                        663
                    ],
                    [
                        1863,
                        668
                    ],
                    [
                        1844,
                        664
                    ],
                    [
                        1834,
                        656
                    ],
                    [
                        1817,
                        646
                    ],
                    [
                        1809,
                        639
                    ],
                    [
                        1793,
                        635
                    ],
                    [
                        1777,
                        635
                    ],
                    [
                        1763,
                        642
                    ],
                    [
                        1746,
                        654
                    ],
                    [
                        1737,
                        667
                    ],
                    [
                        1732,
                        686
                    ],
                    [
                        1732,
                        705
                    ],
                    [
                        1731,
                        716
                    ],
                    [
                        1736,
                        730
                    ],
                    [
                        1739,
                        737
                    ],
                    [
                        1746,
                        744
                    ],
                    [
                        1749,
                        752
                    ],
                    [
                        1753,
                        759
                    ],
                    [
                        1755,
                        763
                    ],
                    [
                        1749,
                        768
                    ],
                    [
                        1749,
                        778
                    ],
                    [
                        1749,
                        784
                    ],
                    [
                        1747,
                        790
                    ],
                    [
                        1741,
                        786
                    ],
                    [
                        1737,
                        782
                    ],
                    [
                        1732,
                        776
                    ],
                    [
                        1728,
                        773
                    ],
                    [
                        1725,
                        770
                    ],
                    [
                        1722,
                        764
                    ],
                    [
                        1721,
                        754
                    ],
                    [
                        1716,
                        741
                    ],
                    [
                        1712,
                        728
                    ],
                    [
                        1700,
                        717
                    ],
                    [
                        1687,
                        702
                    ],
                    [
                        1677,
                        692
                    ],
                    [
                        1665,
                        680
                    ],
                    [
                        1647,
                        674
                    ],
                    [
                        1627,
                        668
                    ],
                    [
                        1618,
                        663
                    ],
                    [
                        1605,
                        661
                    ],
                    [
                        1590,
                        657
                    ],
                    [
                        1573,
                        655
                    ],
                    [
                        1556,
                        655
                    ],
                    [
                        1538,
                        661
                    ],
                    [
                        1524,
                        667
                    ],
                    [
                        1510,
                        672
                    ],
                    [
                        1501,
                        678
                    ],
                    [
                        1492,
                        679
                    ],
                    [
                        1486,
                        678
                    ],
                    [
                        1482,
                        685
                    ],
                    [
                        1480,
                        693
                    ],
                    [
                        1471,
                        696
                    ],
                    [
                        1467,
                        696
                    ],
                    [
                        1456,
                        704
                    ],
                    [
                        1437,
                        706
                    ],
                    [
                        1422,
                        699
                    ],
                    [
                        1413,
                        694
                    ],
                    [
                        1404,
                        685
                    ],
                    [
                        1396,
                        678
                    ],
                    [
                        1385,
                        671
                    ],
                    [
                        1378,
                        666
                    ],
                    [
                        1369,
                        662
                    ]
                ],
                "interior": []
            }
        },
        {
            "id": 496980273,
            "classId": 1656178,
            "description": "",
            "geometryType": "polygon",
            "labelerLogin": "trkkvsn0619",
            "createdAt": "2020-08-06T01:30:25.857Z",
            "updatedAt": "2020-08-06T01:32:28.133Z",
            "tags": [
                {
                    "id": 97473119,
                    "tagId": 28281842,
                    "name": "Cell_8",
                    "value": null,
                    "labelerLogin": "trkkvsn0619",
                    "createdAt": "2020-08-06T01:32:58.688Z",
                    "updatedAt": "2020-08-06T01:32:58.688Z"
                }
            ],
            "classTitle": "Cells",
            "points": {
                "exterior": [
                    [
                        1524,
                        462
                    ],
                    [
                        1506,
                        472
                    ],
                    [
                        1497,
                        483
                    ],
                    [
                        1477,
                        492
                    ],
                    [
                        1453,
                        488
                    ],
                    [
                        1430,
                        482
                    ],
                    [
                        1409,
                        474
                    ],
                    [
                        1390,
                        463
                    ],
                    [
                        1384,
                        450
                    ],
                    [
                        1384,
                        431
                    ],
                    [
                        1380,
                        420
                    ],
                    [
                        1369,
                        406
                    ],
                    [
                        1356,
                        390
                    ],
                    [
                        1343,
                        380
                    ],
                    [
                        1336,
                        365
                    ],
                    [
                        1331,
                        351
                    ],
                    [
                        1331,
                        336
                    ],
                    [
                        1345,
                        316
                    ],
                    [
                        1353,
                        303
                    ],
                    [
                        1363,
                        290
                    ],
                    [
                        1373,
                        277
                    ],
                    [
                        1384,
                        273
                    ],
                    [
                        1399,
                        271
                    ],
                    [
                        1414,
                        273
                    ],
                    [
                        1424,
                        275
                    ],
                    [
                        1443,
                        283
                    ],
                    [
                        1460,
                        284
                    ],
                    [
                        1473,
                        290
                    ],
                    [
                        1490,
                        294
                    ],
                    [
                        1507,
                        294
                    ],
                    [
                        1526,
                        288
                    ],
                    [
                        1540,
                        281
                    ],
                    [
                        1554,
                        274
                    ],
                    [
                        1567,
                        262
                    ],
                    [
                        1579,
                        246
                    ],
                    [
                        1591,
                        239
                    ],
                    [
                        1610,
                        225
                    ],
                    [
                        1626,
                        208
                    ],
                    [
                        1641,
                        199
                    ],
                    [
                        1649,
                        191
                    ],
                    [
                        1670,
                        183
                    ],
                    [
                        1682,
                        182
                    ],
                    [
                        1699,
                        178
                    ],
                    [
                        1722,
                        173
                    ],
                    [
                        1736,
                        173
                    ],
                    [
                        1751,
                        168
                    ],
                    [
                        1772,
                        160
                    ],
                    [
                        1788,
                        149
                    ],
                    [
                        1802,
                        137
                    ],
                    [
                        1816,
                        129
                    ],
                    [
                        1827,
                        127
                    ],
                    [
                        1836,
                        134
                    ],
                    [
                        1846,
                        143
                    ],
                    [
                        1855,
                        149
                    ],
                    [
                        1864,
                        159
                    ],
                    [
                        1871,
                        165
                    ],
                    [
                        1871,
                        176
                    ],
                    [
                        1870,
                        188
                    ],
                    [
                        1865,
                        194
                    ],
                    [
                        1867,
                        203
                    ],
                    [
                        1870,
                        209
                    ],
                    [
                        1869,
                        223
                    ],
                    [
                        1877,
                        233
                    ],
                    [
                        1885,
                        237
                    ],
                    [
                        1892,
                        246
                    ],
                    [
                        1899,
                        258
                    ],
                    [
                        1904,
                        269
                    ],
                    [
                        1912,
                        276
                    ],
                    [
                        1924,
                        276
                    ],
                    [
                        1935,
                        276
                    ],
                    [
                        1944,
                        276
                    ],
                    [
                        1953,
                        272
                    ],
                    [
                        1962,
                        281
                    ],
                    [
                        1973,
                        288
                    ],
                    [
                        1982,
                        296
                    ],
                    [
                        1983,
                        307
                    ],
                    [
                        1981,
                        317
                    ],
                    [
                        1975,
                        324
                    ],
                    [
                        1976,
                        340
                    ],
                    [
                        1972,
                        346
                    ],
                    [
                        1965,
                        358
                    ],
                    [
                        1957,
                        361
                    ],
                    [
                        1952,
                        366
                    ],
                    [
                        1950,
                        378
                    ],
                    [
                        1946,
                        387
                    ],
                    [
                        1943,
                        397
                    ],
                    [
                        1940,
                        407
                    ],
                    [
                        1936,
                        418
                    ],
                    [
                        1929,
                        431
                    ],
                    [
                        1927,
                        445
                    ],
                    [
                        1925,
                        461
                    ],
                    [
                        1924,
                        477
                    ],
                    [
                        1914,
                        481
                    ],
                    [
                        1898,
                        487
                    ],
                    [
                        1880,
                        494
                    ],
                    [
                        1870,
                        499
                    ],
                    [
                        1857,
                        496
                    ],
                    [
                        1849,
                        489
                    ],
                    [
                        1841,
                        484
                    ],
                    [
                        1828,
                        479
                    ],
                    [
                        1821,
                        478
                    ],
                    [
                        1810,
                        474
                    ],
                    [
                        1802,
                        470
                    ],
                    [
                        1781,
                        468
                    ],
                    [
                        1772,
                        469
                    ],
                    [
                        1761,
                        470
                    ],
                    [
                        1753,
                        474
                    ],
                    [
                        1744,
                        473
                    ],
                    [
                        1735,
                        469
                    ],
                    [
                        1729,
                        465
                    ],
                    [
                        1722,
                        460
                    ],
                    [
                        1710,
                        458
                    ],
                    [
                        1701,
                        459
                    ],
                    [
                        1693,
                        463
                    ],
                    [
                        1684,
                        470
                    ],
                    [
                        1678,
                        481
                    ],
                    [
                        1671,
                        483
                    ],
                    [
                        1666,
                        475
                    ],
                    [
                        1662,
                        464
                    ],
                    [
                        1657,
                        457
                    ],
                    [
                        1650,
                        448
                    ],
                    [
                        1640,
                        437
                    ],
                    [
                        1637,
                        432
                    ],
                    [
                        1631,
                        424
                    ],
                    [
                        1631,
                        414
                    ],
                    [
                        1638,
                        407
                    ],
                    [
                        1641,
                        400
                    ],
                    [
                        1633,
                        398
                    ],
                    [
                        1625,
                        396
                    ],
                    [
                        1618,
                        397
                    ],
                    [
                        1613,
                        404
                    ],
                    [
                        1609,
                        410
                    ],
                    [
                        1609,
                        416
                    ],
                    [
                        1610,
                        426
                    ],
                    [
                        1612,
                        431
                    ],
                    [
                        1607,
                        438
                    ],
                    [
                        1598,
                        444
                    ],
                    [
                        1585,
                        445
                    ],
                    [
                        1578,
                        445
                    ],
                    [
                        1566,
                        444
                    ],
                    [
                        1555,
                        448
                    ],
                    [
                        1537,
                        454
                    ]
                ],
                "interior": []
            }
        }
    ]
}