{
    "description": "",
    "tags": [
        {
            "id": 85792140,
            "tagId": 28285212,
            "name": "Frame",
            "value": 3,
            "labelerLogin": "trkkvsn0619",
            "createdAt": "2020-08-09T19:09:03.570Z",
            "updatedAt": "2020-08-09T19:09:03.570Z"
        }
    ],
    "size": {
        "height": 1912,
        "width": 2568
    },
    "objects": [
        {
            "id": 496962861,
            "classId": 1656178,
            "description": "",
            "geometryType": "polygon",
            "labelerLogin": "trkkvsn0619",
            "createdAt": "2020-08-05T22:39:49.413Z",
            "updatedAt": "2020-08-10T14:46:19.747Z",
            "tags": [
                {
                    "id": 97472510,
                    "tagId": 28281841,
                    "name": "Cell_7",
                    "value": null,
                    "labelerLogin": "trkkvsn0619",
                    "createdAt": "2020-08-05T22:50:37.872Z",
                    "updatedAt": "2020-08-05T22:50:37.872Z"
                }
            ],
            "classTitle": "Cells",
            "points": {
                "exterior": [
                    [
                        1567,
                        685
                    ],
                    [
                        1569,
                        657
                    ],
                    [
                        1572,
                        634
                    ],
                    [
                        1578,
                        622
                    ],
                    [
                        1560,
                        608
                    ],
                    [
                        1560,
                        594
                    ],
                    [
                        1565,
                        582
                    ],
                    [
                        1574,
                        576
                    ],
                    [
                        1582,
                        574
                    ],
                    [
                        1595,
                        578
                    ],
                    [
                        1607,
                        585
                    ],
                    [
                        1614,
                        591
                    ],
                    [
                        1623,
                        594
                    ],
                    [
                        1649,
                        588
                    ],
                    [
                        1670,
                        589
                    ],
                    [
                        1691,
                        595
                    ],
                    [
                        1705,
                        605
                    ],
                    [
                        1717,
                        618
                    ],
                    [
                        1733,
                        631
                    ],
                    [
                        1736,
                        648
                    ],
                    [
                        1740,
                        669
                    ],
                    [
                        1738,
                        687
                    ],
                    [
                        1730,
                        707
                    ],
                    [
                        1727,
                        721
                    ],
                    [
                        1715,
                        735
                    ],
                    [
                        1704,
                        744
                    ],
                    [
                        1690,
                        750
                    ],
                    [
                        1677,
                        754
                    ],
                    [
                        1659,
                        755
                    ],
                    [
                        1639,
                        757
                    ],
                    [
                        1620,
                        755
                    ],
                    [
                        1605,
                        747
                    ],
                    [
                        1593,
                        736
                    ],
                    [
                        1580,
                        723
                    ],
                    [
                        1571,
                        706
                    ]
                ],
                "interior": []
            }
        },
        {
            "id": 496962888,
            "classId": 1656178,
            "description": "",
            "geometryType": "polygon",
            "labelerLogin": "trkkvsn0619",
            "createdAt": "2020-08-05T22:41:04.204Z",
            "updatedAt": "2020-08-05T22:48:06.164Z",
            "tags": [
                {
                    "id": 97472507,
                    "tagId": 28281839,
                    "name": "Cell_5",
                    "value": null,
                    "labelerLogin": "trkkvsn0619",
                    "createdAt": "2020-08-05T22:50:30.925Z",
                    "updatedAt": "2020-08-05T22:50:30.925Z"
                }
            ],
            "classTitle": "Cells",
            "points": {
                "exterior": [
                    [
                        737,
                        1612
                    ],
                    [
                        730,
                        1581
                    ],
                    [
                        732,
                        1557
                    ],
                    [
                        742,
                        1533
                    ],
                    [
                        755,
                        1511
                    ],
                    [
                        775,
                        1492
                    ],
                    [
                        804,
                        1485
                    ],
                    [
                        834,
                        1487
                    ],
                    [
                        857,
                        1496
                    ],
                    [
                        875,
                        1504
                    ],
                    [
                        903,
                        1510
                    ],
                    [
                        923,
                        1508
                    ],
                    [
                        934,
                        1513
                    ],
                    [
                        944,
                        1533
                    ],
                    [
                        947,
                        1555
                    ],
                    [
                        950,
                        1575
                    ],
                    [
                        946,
                        1591
                    ],
                    [
                        949,
                        1607
                    ],
                    [
                        944,
                        1622
                    ],
                    [
                        932,
                        1634
                    ],
                    [
                        920,
                        1638
                    ],
                    [
                        911,
                        1639
                    ],
                    [
                        901,
                        1648
                    ],
                    [
                        895,
                        1654
                    ],
                    [
                        885,
                        1663
                    ],
                    [
                        870,
                        1668
                    ],
                    [
                        853,
                        1672
                    ],
                    [
                        839,
                        1673
                    ],
                    [
                        826,
                        1671
                    ],
                    [
                        810,
                        1670
                    ],
                    [
                        790,
                        1659
                    ],
                    [
                        777,
                        1650
                    ],
                    [
                        765,
                        1642
                    ],
                    [
                        753,
                        1632
                    ]
                ],
                "interior": []
            }
        },
        {
            "id": 496962931,
            "classId": 1656178,
            "description": "",
            "geometryType": "polygon",
            "labelerLogin": "trkkvsn0619",
            "createdAt": "2020-08-05T22:43:15.449Z",
            "updatedAt": "2020-08-05T22:48:06.164Z",
            "tags": [
                {
                    "id": 97472514,
                    "tagId": 28281834,
                    "name": "Cell_2",
                    "value": null,
                    "labelerLogin": "trkkvsn0619",
                    "createdAt": "2020-08-05T22:50:46.156Z",
                    "updatedAt": "2020-08-05T22:50:46.156Z"
                }
            ],
            "classTitle": "Cells",
            "points": {
                "exterior": [
                    [
                        494,
                        776
                    ],
                    [
                        487,
                        742
                    ],
                    [
                        496,
                        720
                    ],
                    [
                        507,
                        702
                    ],
                    [
                        492,
                        689
                    ],
                    [
                        488,
                        671
                    ],
                    [
                        500,
                        665
                    ],
                    [
                        523,
                        665
                    ],
                    [
                        541,
                        664
                    ],
                    [
                        545,
                        653
                    ],
                    [
                        560,
                        645
                    ],
                    [
                        583,
                        645
                    ],
                    [
                        603,
                        643
                    ],
                    [
                        620,
                        653
                    ],
                    [
                        629,
                        665
                    ],
                    [
                        649,
                        684
                    ],
                    [
                        664,
                        692
                    ],
                    [
                        678,
                        700
                    ],
                    [
                        685,
                        721
                    ],
                    [
                        690,
                        735
                    ],
                    [
                        693,
                        757
                    ],
                    [
                        692,
                        777
                    ],
                    [
                        700,
                        786
                    ],
                    [
                        704,
                        797
                    ],
                    [
                        700,
                        813
                    ],
                    [
                        694,
                        830
                    ],
                    [
                        684,
                        852
                    ],
                    [
                        673,
                        854
                    ],
                    [
                        662,
                        864
                    ],
                    [
                        640,
                        868
                    ],
                    [
                        628,
                        866
                    ],
                    [
                        617,
                        864
                    ],
                    [
                        600,
                        858
                    ],
                    [
                        586,
                        863
                    ],
                    [
                        574,
                        872
                    ],
                    [
                        563,
                        871
                    ],
                    [
                        554,
                        862
                    ],
                    [
                        542,
                        853
                    ],
                    [
                        531,
                        843
                    ],
                    [
                        516,
                        836
                    ],
                    [
                        506,
                        826
                    ],
                    [
                        500,
                        810
                    ],
                    [
                        495,
                        788
                    ]
                ],
                "interior": []
            }
        },
        {
            "id": 496962959,
            "classId": 1656178,
            "description": "",
            "geometryType": "polygon",
            "labelerLogin": "trkkvsn0619",
            "createdAt": "2020-08-05T22:44:40.995Z",
            "updatedAt": "2020-08-05T22:48:06.164Z",
            "tags": [
                {
                    "id": 97472506,
                    "tagId": 28281840,
                    "name": "Cell_6",
                    "value": null,
                    "labelerLogin": "trkkvsn0619",
                    "createdAt": "2020-08-05T22:50:28.792Z",
                    "updatedAt": "2020-08-05T22:50:28.792Z"
                }
            ],
            "classTitle": "Cells",
            "points": {
                "exterior": [
                    [
                        1531,
                        1550
                    ],
                    [
                        1542,
                        1526
                    ],
                    [
                        1561,
                        1512
                    ],
                    [
                        1587,
                        1499
                    ],
                    [
                        1618,
                        1497
                    ],
                    [
                        1646,
                        1498
                    ],
                    [
                        1665,
                        1511
                    ],
                    [
                        1682,
                        1526
                    ],
                    [
                        1696,
                        1550
                    ],
                    [
                        1701,
                        1572
                    ],
                    [
                        1707,
                        1592
                    ],
                    [
                        1705,
                        1612
                    ],
                    [
                        1700,
                        1628
                    ],
                    [
                        1692,
                        1646
                    ],
                    [
                        1682,
                        1661
                    ],
                    [
                        1664,
                        1669
                    ],
                    [
                        1641,
                        1676
                    ],
                    [
                        1615,
                        1677
                    ],
                    [
                        1588,
                        1674
                    ],
                    [
                        1569,
                        1669
                    ],
                    [
                        1552,
                        1654
                    ],
                    [
                        1535,
                        1631
                    ],
                    [
                        1527,
                        1608
                    ],
                    [
                        1522,
                        1587
                    ],
                    [
                        1525,
                        1572
                    ]
                ],
                "interior": []
            }
        },
        {
            "id": 496962970,
            "classId": 1656178,
            "description": "",
            "geometryType": "polygon",
            "labelerLogin": "trkkvsn0619",
            "createdAt": "2020-08-05T22:45:10.635Z",
            "updatedAt": "2020-08-10T14:44:28.698Z",
            "tags": [
                {
                    "id": 97472509,
                    "tagId": 28281843,
                    "name": "Cell_9",
                    "value": null,
                    "labelerLogin": "trkkvsn0619",
                    "createdAt": "2020-08-05T22:50:34.082Z",
                    "updatedAt": "2020-08-05T22:50:34.082Z"
                }
            ],
            "classTitle": "Cells",
            "points": {
                "exterior": [
                    [
                        2568,
                        895
                    ],
                    [
                        2552,
                        887
                    ],
                    [
                        2539,
                        873
                    ],
                    [
                        2530,
                        855
                    ],
                    [
                        2524,
                        832
                    ],
                    [
                        2525,
                        812
                    ],
                    [
                        2531,
                        800
                    ],
                    [
                        2536,
                        790
                    ],
                    [
                        2545,
                        778
                    ],
                    [
                        2555,
                        772
                    ],
                    [
                        2568,
                        769
                    ]
                ],
                "interior": []
            }
        },
        {
            "id": 496962981,
            "classId": 1656178,
            "description": "",
            "geometryType": "polygon",
            "labelerLogin": "trkkvsn0619",
            "createdAt": "2020-08-05T22:45:49.593Z",
            "updatedAt": "2020-08-05T22:48:06.164Z",
            "tags": [
                {
                    "id": 97472512,
                    "tagId": 28281842,
                    "name": "Cell_8",
                    "value": null,
                    "labelerLogin": "trkkvsn0619",
                    "createdAt": "2020-08-05T22:50:42.298Z",
                    "updatedAt": "2020-08-05T22:50:42.298Z"
                }
            ],
            "classTitle": "Cells",
            "points": {
                "exterior": [
                    [
                        1559,
                        198
                    ],
                    [
                        1554,
                        182
                    ],
                    [
                        1556,
                        170
                    ],
                    [
                        1566,
                        156
                    ],
                    [
                        1575,
                        146
                    ],
                    [
                        1572,
                        131
                    ],
                    [
                        1577,
                        114
                    ],
                    [
                        1581,
                        99
                    ],
                    [
                        1586,
                        86
                    ],
                    [
                        1595,
                        83
                    ],
                    [
                        1614,
                        76
                    ],
                    [
                        1639,
                        76
                    ],
                    [
                        1653,
                        80
                    ],
                    [
                        1679,
                        89
                    ],
                    [
                        1697,
                        92
                    ],
                    [
                        1712,
                        102
                    ],
                    [
                        1722,
                        118
                    ],
                    [
                        1725,
                        132
                    ],
                    [
                        1725,
                        148
                    ],
                    [
                        1732,
                        162
                    ],
                    [
                        1732,
                        183
                    ],
                    [
                        1729,
                        198
                    ],
                    [
                        1722,
                        208
                    ],
                    [
                        1715,
                        220
                    ],
                    [
                        1707,
                        227
                    ],
                    [
                        1699,
                        239
                    ],
                    [
                        1686,
                        248
                    ],
                    [
                        1666,
                        255
                    ],
                    [
                        1653,
                        263
                    ],
                    [
                        1637,
                        268
                    ],
                    [
                        1623,
                        268
                    ],
                    [
                        1607,
                        262
                    ],
                    [
                        1599,
                        255
                    ],
                    [
                        1585,
                        248
                    ],
                    [
                        1574,
                        241
                    ],
                    [
                        1569,
                        232
                    ],
                    [
                        1569,
                        214
                    ]
                ],
                "interior": []
            }
        },
        {
            "id": 496962986,
            "classId": 1656178,
            "description": "",
            "geometryType": "polygon",
            "labelerLogin": "trkkvsn0619",
            "createdAt": "2020-08-05T22:46:40.604Z",
            "updatedAt": "2020-08-05T22:48:06.164Z",
            "tags": [
                {
                    "id": 97472516,
                    "tagId": 28281838,
                    "name": "Cell_4",
                    "value": null,
                    "labelerLogin": "trkkvsn0619",
                    "createdAt": "2020-08-05T22:50:49.866Z",
                    "updatedAt": "2020-08-05T22:50:49.866Z"
                }
            ],
            "classTitle": "Cells",
            "points": {
                "exterior": [
                    [
                        0,
                        966
                    ],
                    [
                        16,
                        963
                    ],
                    [
                        30,
                        960
                    ],
                    [
                        45,
                        967
                    ],
                    [
                        67,
                        961
                    ],
                    [
                        80,
                        950
                    ],
                    [
                        95,
                        938
                    ],
                    [
                        104,
                        922
                    ],
                    [
                        104,
                        908
                    ],
                    [
                        105,
                        898
                    ],
                    [
                        113,
                        884
                    ],
                    [
                        119,
                        876
                    ],
                    [
                        116,
                        863
                    ],
                    [
                        123,
                        848
                    ],
                    [
                        137,
                        838
                    ],
                    [
                        144,
                        827
                    ],
                    [
                        150,
                        809
                    ],
                    [
                        148,
                        793
                    ],
                    [
                        154,
                        773
                    ],
                    [
                        154,
                        763
                    ],
                    [
                        147,
                        747
                    ],
                    [
                        141,
                        737
                    ],
                    [
                        134,
                        734
                    ],
                    [
                        124,
                        731
                    ],
                    [
                        111,
                        718
                    ],
                    [
                        106,
                        711
                    ],
                    [
                        96,
                        704
                    ],
                    [
                        88,
                        706
                    ],
                    [
                        79,
                        711
                    ],
                    [
                        68,
                        705
                    ],
                    [
                        55,
                        698
                    ],
                    [
                        42,
                        691
                    ],
                    [
                        33,
                        683
                    ],
                    [
                        26,
                        685
                    ],
                    [
                        18,
                        691
                    ],
                    [
                        10,
                        697
                    ],
                    [
                        0,
                        709
                    ]
                ],
                "interior": []
            }
        },
        {
            "id": 496962987,
            "classId": 1656178,
            "description": "",
            "geometryType": "polygon",
            "labelerLogin": "trkkvsn0619",
            "createdAt": "2020-08-05T22:47:18.462Z",
            "updatedAt": "2020-08-05T22:48:06.164Z",
            "tags": [
                {
                    "id": 97472518,
                    "tagId": 28281835,
                    "name": "Cell_3",
                    "value": null,
                    "labelerLogin": "trkkvsn0619",
                    "createdAt": "2020-08-05T22:50:53.650Z",
                    "updatedAt": "2020-08-05T22:50:53.650Z"
                }
            ],
            "classTitle": "Cells",
            "points": {
                "exterior": [
                    [
                        0,
                        627
                    ],
                    [
                        14,
                        633
                    ],
                    [
                        31,
                        638
                    ],
                    [
                        48,
                        640
                    ],
                    [
                        72,
                        634
                    ],
                    [
                        89,
                        623
                    ],
                    [
                        105,
                        615
                    ],
                    [
                        115,
                        603
                    ],
                    [
                        130,
                        583
                    ],
                    [
                        136,
                        567
                    ],
                    [
                        144,
                        564
                    ],
                    [
                        149,
                        548
                    ],
                    [
                        154,
                        535
                    ],
                    [
                        161,
                        526
                    ],
                    [
                        159,
                        507
                    ],
                    [
                        151,
                        491
                    ],
                    [
                        144,
                        478
                    ],
                    [
                        138,
                        470
                    ],
                    [
                        122,
                        466
                    ],
                    [
                        104,
                        453
                    ],
                    [
                        94,
                        448
                    ],
                    [
                        95,
                        437
                    ],
                    [
                        89,
                        423
                    ],
                    [
                        77,
                        421
                    ],
                    [
                        64,
                        426
                    ],
                    [
                        51,
                        436
                    ],
                    [
                        29,
                        446
                    ],
                    [
                        17,
                        452
                    ],
                    [
                        7,
                        458
                    ],
                    [
                        0,
                        463
                    ]
                ],
                "interior": []
            }
        },
        {
            "id": 496963019,
            "classId": 1656178,
            "description": "",
            "geometryType": "polygon",
            "labelerLogin": "trkkvsn0619",
            "createdAt": "2020-08-05T22:48:05.755Z",
            "updatedAt": "2020-08-05T22:48:33.970Z",
            "tags": [
                {
                    "id": 97472520,
                    "tagId": 28281830,
                    "name": "Cell_1",
                    "value": null,
                    "labelerLogin": "trkkvsn0619",
                    "createdAt": "2020-08-05T22:50:57.541Z",
                    "updatedAt": "2020-08-05T22:50:57.541Z"
                }
            ],
            "classTitle": "Cells",
            "points": {
                "exterior": [
                    [
                        68,
                        302
                    ],
                    [
                        65,
                        281
                    ],
                    [
                        67,
                        261
                    ],
                    [
                        68,
                        239
                    ],
                    [
                        68,
                        216
                    ],
                    [
                        75,
                        192
                    ],
                    [
                        90,
                        178
                    ],
                    [
                        105,
                        174
                    ],
                    [
                        126,
                        181
                    ],
                    [
                        134,
                        183
                    ],
                    [
                        145,
                        188
                    ],
                    [
                        164,
                        182
                    ],
                    [
                        177,
                        174
                    ],
                    [
                        188,
                        177
                    ],
                    [
                        200,
                        186
                    ],
                    [
                        215,
                        193
                    ],
                    [
                        228,
                        199
                    ],
                    [
                        240,
                        205
                    ],
                    [
                        252,
                        214
                    ],
                    [
                        260,
                        226
                    ],
                    [
                        266,
                        236
                    ],
                    [
                        259,
                        246
                    ],
                    [
                        260,
                        259
                    ],
                    [
                        264,
                        273
                    ],
                    [
                        268,
                        286
                    ],
                    [
                        263,
                        303
                    ],
                    [
                        258,
                        319
                    ],
                    [
                        255,
                        332
                    ],
                    [
                        252,
                        340
                    ],
                    [
                        243,
                        348
                    ],
                    [
                        234,
                        354
                    ],
                    [
                        220,
                        363
                    ],
                    [
                        212,
                        368
                    ],
                    [
                        203,
                        374
                    ],
                    [
                        194,
                        377
                    ],
                    [
                        185,
                        381
                    ],
                    [
                        177,
                        386
                    ],
                    [
                        167,
                        394
                    ],
                    [
                        152,
                        394
                    ],
                    [
                        137,
                        392
                    ],
                    [
                        124,
                        386
                    ],
                    [
                        108,
                        379
                    ],
                    [
                        94,
                        371
                    ],
                    [
                        87,
                        368
                    ],
                    [
                        81,
                        352
                    ],
                    [
                        69,
                        341
                    ],
                    [
                        65,
                        333
                    ],
                    [
                        64,
                        315
                    ]
                ],
                "interior": []
            }
        }
    ]
}